Domain;Title;Keywords;Description;Error
﻿あんどろいどのこと.みんな;Unknown value;Unknown value;Unknown value;HTTP error fetching URL
0.0;Unknown value;Unknown value;Unknown value;Connection refused: connect
000dot.com;励志故事_故事网;励志故事;故事网_励志故事_中外神话故事_儿童故事_历史故事_成语故事_民间故事_悬疑故事_幽默故事_小故事大全;Without error
000free.us;000free.us;Missing value;;Without error
000-ooo-000.ru;Unknown value;Unknown value;Unknown value;000-ooo-000.ru
000space.com;Free Hosting : 000SPACE;Missing value;Free web hosting with no ads, website builder, 110MB replacement, Lycos replacement;Without error
000webhost.com;Unknown value;Unknown value;Unknown value;HTTP error fetching URL
000y.ru;Unknown value;Unknown value;Unknown value;connect timed out
001jm.com;Unknown value;Unknown value;Unknown value;001jm.com
0-01.ru;Об игре;Missing value;Missing value;Without error
00200.ru;00200.ru - domain is, probably, for sale;;00200.ru - domain is, probably, for sale. Domain is parked by service DomainParking.ru;Without error
0023.info;Unknown value;Unknown value;Unknown value;0023.info
0024info.com;0024info.com;Missing value;DevSupport Techno Hub;Without error
0026.info;Unknown value;Unknown value;Unknown value;0026.info
002.xyz;Unknown value;Unknown value;Unknown value;002.xyz
0037.info;Unknown value;Unknown value;Unknown value;0037.info
003.ms;Unknown value;Missing value;Missing value;Without error
003ms.ru;Unknown value;Unknown value;Unknown value;Read timed out
005i.com;Unknown value;Unknown value;Unknown value;HTTP error fetching URL
005net.com;403;Missing value;Missing value;Without error
0068.ru;zero zero six eight dot ru;Missing value;Missing value;Without error
0069.ru;Мои права — Регистрация СМИ, поддержка СМИ, регистрация фирм;Missing value;Missing value;Without error
007bilet.ru;Авиабилеты и Жд билеты в СПб | Билеты на паромы и автобусы | Железнодорожные и Авиакассы 007 в Санкт-Петербурге - Сервис 007;авиабилеты, жд билеты, заказ железнодорожных билетов, заказ авиабилетов, спб, доставка, ж/д касса, ж д, санкт петербург, продажа, питер, паром, автобус, сервис 007;Круглосуточный заказ авиабилетов и железнодорожных билетов, билеты на паромы и автобусы с доставкой по Санкт-Петербургу. Железнодорожные и авиа кассы Сервис 007. ;Without error
007jamesbond.ru;Unknown value;Unknown value;Unknown value;007jamesbond.ru
0.0:8050;Unknown value;Unknown value;Unknown value;Connection refused: connect
008.ru;Справочная информационная система 008 - адреса и телефоны, телефонный справочник компаний, адреса магазинов, каталог компаний в Санкт-Петербурге;;Исчерпывающая контактная информация и детальное описание организаций Санкт-Петербурга. Каталог компаний: адреса с указанием районов и станций метро, телефоны, акции, скидки, новости.;Without error
00cash.com;Unknown value;Unknown value;Unknown value;HTTP error fetching URL
00cha.com;座机号码归属地查询-固定电话号码归属地查询――电话号码查询网;电话号码查询,电话号码归属地查询,固定电话查询,座机号码,电话号码,归属地查询,号码归属地查询;电话号码查询网提供最全的电话号码归属地查询，支持固定电话号码查询、手机号码、企业座机电话归属地查询，其中固定电话详细地址最高可精确到乡镇，还可以查询电话区号、特服电话、短信号码等等。;Without error
00mail.ru;Unknown value;Unknown value;Unknown value;00mail.ru
00movies.com;Unknown value;Unknown value;Unknown value;HTTP error fetching URL
00server.com;00server.com -- $0 setup fee and $0 monthly fee, free web page, free domain name, web site design, free web space, web page design, free web hosting, free e-mail, free web site, free web site hosting;free web page, free domain name, web site design, free web space, web page design, free web hosting, free e-mail, free web site, free web site hosting, web page designer, creating web page, free web page hosting, free web page design, free e-mail account, web page development, free web space provider, free web page builder, web hosting free, design web page, free web page space, create free web page, web page free, free web site design, web site design company, free web page maker, free web hosting services, free web page provider, free web site space, web page design company, make a free web page, web space free, free web page site, web site design service, webpage, website, free e-mail.;00server.com -- Get a custom domain name that fits your site. Choose from over 20 base domain names (like 00me.com, 00sports.com, 00family.com) and then put your name in front! You also get 20MB of web space, unlimited free web-based e-mail accounts, a guestbook, visitor counters, site statistics, a custom instant messenger, easy-to-use site building tools, FTP access and more.;Without error
00z00.ru;Unknown value;Unknown value;Unknown value;00z00.ru
0.1;Unknown value;Unknown value;Unknown value;Network is unreachable: connect
0.10;Unknown value;Unknown value;Unknown value;Network is unreachable: connect
0.100;Unknown value;Unknown value;Unknown value;Network is unreachable: connect
0.101;Unknown value;Unknown value;Unknown value;Network is unreachable: connect
0.101:8080;Unknown value;Unknown value;Unknown value;Network is unreachable: connect
0.102;Unknown value;Unknown value;Unknown value;Network is unreachable: connect
010203.org;Российский справочник;Missing value;Российский справочник по службам городов.;Without error
0.105;Unknown value;Unknown value;Unknown value;Network is unreachable: connect
0.10:5000;Unknown value;Unknown value;Unknown value;Network is unreachable: connect
0.108;Unknown value;Unknown value;Unknown value;Network is unreachable: connect
0108box.info;Unknown value;Unknown value;Unknown value;0108box.info
010lm.com;【北京联盟】-北京青年人的聚集地、线上互动社区。;北京论坛,北京吧,北京新闻,北京联盟,北京杂谈,北京电影,北京小吃,北京旅游,交友,杂谈;【北京联盟】-北京青年人的聚集地、线上互动社区。无论你是北漂一族或是北京土著，马上分享你知道的新鲜事儿，点评你关注的热点话题。开设了朝阳论坛，海淀论坛，丰台论坛，昌平论坛，通州论坛，大兴论坛，顺义论坛，密云论坛，延庆论坛，怀柔论坛等以及近二百余个地方分论坛版块。同时还开设了各个行业的联盟论坛版块。;Without error
010seoer.com;Unknown value;Unknown value;Unknown value;010seoer.com
0.110;Unknown value;Unknown value;Unknown value;Network is unreachable: connect
0.1:10000;Unknown value;Unknown value;Unknown value;Network is unreachable: connect
0.111;Unknown value;Unknown value;Unknown value;Network is unreachable: connect
0.111:28080;Unknown value;Unknown value;Unknown value;Network is unreachable: connect
0.11:2111;Unknown value;Unknown value;Unknown value;Network is unreachable: connect
0112group.info;Unknown value;Unknown value;Unknown value;0112group.info
0112shop.info;Unknown value;Unknown value;Unknown value;0112shop.info
0114design.info;Unknown value;Unknown value;Unknown value;0114design.info
0.1:1702;Unknown value;Unknown value;Unknown value;Network is unreachable: connect
0.1:1703;Unknown value;Unknown value;Unknown value;Network is unreachable: connect
0.117:5000;Unknown value;Unknown value;Unknown value;Network is unreachable: connect
0118d.info;Unknown value;Unknown value;Unknown value;0118d.info
0121a.info;Unknown value;Unknown value;Unknown value;0121a.info
0121f.info;Unknown value;Unknown value;Unknown value;0121f.info
012340.ru;Сайт знакомств 01234.ru без регистрации и бесплатно, сайт предлагает бесплатные знакомства, а также серьезные знакомства и по интересам;знакомства с мужчинами, знакомства интересы, дружба сайт знакомств, бесплатные знакомства, поиск друзей общение бесплатно друзья сайт, знакомства бесплатно, интернет общение реальный сайт знакомства друг, знакомства с мужчинами,  познакомлюсь;Сайт  знакомств 01234.ru без регистрации и бесплатно, сайт предлагает бесплатные знакомства, а также серьезные знакомства  и по интересам;Without error
0123456789.tw;計算0123456789;計算 計算機 生理期 耗電 電費 汽車油耗 機車油耗 魚缸 魚缸計算機 排卵期 月經;介紹生活中大大小小的計算,線上計算機,科技設計新知;Without error
0123h.info;Unknown value;Unknown value;Unknown value;0123h.info
0124c.info;Unknown value;Unknown value;Unknown value;0124c.info
0124j.info;Unknown value;Unknown value;Unknown value;0124j.info
0125d.info;Unknown value;Unknown value;Unknown value;0125d.info
0.1:2803;Unknown value;Unknown value;Unknown value;Network is unreachable: connect
0.1:3000;Unknown value;Unknown value;Unknown value;Network is unreachable: connect
013.cz;phpinfo();Missing value;Missing value;Without error
0.140;Unknown value;Unknown value;Unknown value;Network is unreachable: connect
0.1:4080;Unknown value;Unknown value;Unknown value;Network is unreachable: connect
0.144;Unknown value;Unknown value;Unknown value;Network is unreachable: connect
0.1:4664;Unknown value;Unknown value;Unknown value;Network is unreachable: connect
0.147;Unknown value;Unknown value;Unknown value;Network is unreachable: connect
0150.ru;Главная - Инвестиции в промышленность;акции, промышленность, покупка, дорого;Покупка акций предприятий.;Without error
0.151:4080;Unknown value;Unknown value;Unknown value;Network is unreachable: connect
0.152:8082;Unknown value;Unknown value;Unknown value;Network is unreachable: connect
015.by;Гродно - сайт 015.by | Новости Гродно, Справочник предприятий, Афиша Гродно, объявления, работа, досуг;гродно 015 погода карта сайт город работа официальный справочник предприятий новости расписание транспорта знакомства голос объявления;Сайт города Гродно 015.by Здесь Вы найдете: Самые свежие и последние Новости Гродно, справочник предприятий Гродно, Афиша Гродно, работа в Гродно, карта Гродно, погода в Гродно на неделю, доска объявлений, поиск недвижимости в Гродно, фотоотчеты ночных клубов и событий в Гродно, узнаете все маршруты транспорта Гродно, Справочная Гродно и многое другое;Without error
0.164:8080;Unknown value;Unknown value;Unknown value;Network is unreachable: connect
0.1:6878;Unknown value;Unknown value;Unknown value;Network is unreachable: connect
016.ru;Tattelecom - Логин;Missing value;Missing value;Without error
0-16.рф;Экскурсии по миру;Missing value;Путешествуя по разным странам, каждый из нас желает увидеть как можно больше достопримечательностей. Мы предлагаем самые лучшие экскурсии во многих странах.;Without error
0.170;Unknown value;Unknown value;Unknown value;Network is unreachable: connect
0.177;Unknown value;Unknown value;Unknown value;Network is unreachable: connect
0.1:800;Unknown value;Unknown value;Unknown value;Network is unreachable: connect
0.1:8000;Unknown value;Unknown value;Unknown value;Network is unreachable: connect
0.1:8002;Unknown value;Unknown value;Unknown value;Network is unreachable: connect
0.1:8082;Unknown value;Unknown value;Unknown value;Network is unreachable: connect
0.18:8080;Unknown value;Unknown value;Unknown value;Network is unreachable: connect
0.1:8888;Unknown value;Unknown value;Unknown value;Network is unreachable: connect
0.1:9375;Unknown value;Unknown value;Unknown value;Network is unreachable: connect
0.198:3000;Unknown value;Unknown value;Unknown value;Network is unreachable: connect
01apteka.ru;01 аптека;Аптека, лекарство, купить, заболел, болезнь, лечить, вылечить, справочная, дежурная аптека,  , рейтинг.;01 аптека, аптеки всего мира, справочная аптек, близкие вам и большим ассортиментом лекарств. Выбирайте любую из 101 аптека в рейтинге.;Without error
01g.info;Unknown value;Unknown value;Unknown value;HTTP error fetching URL
01hr.com;Unknown value;Unknown value;Unknown value;HTTP error fetching URL
01raffles.com;Unknown value;Unknown value;Unknown value;01raffles.com
01regionpro.ru;Unknown value;Unknown value;Unknown value;Read timed out
01rps.ru;Unknown value;Unknown value;Unknown value;01rps.ru
01sh.ru;Спринтхост — NVMe-хостинг для сайтов, техническая поддержка 24/7;хостинг, хостинг для сайта, хостинг для сайтов, hosting, лучший хостинг, надежный хостинг, хостинг сайта, SSD хостинг, NVMe хостинг;Хостинг Спринтхост на NVMe для начинающих и для посещаемых сайтов. Домены, почта, VDS. Отзывчивая служба поддержки.;Without error
01tchat.com;Loading...;Missing value;Missing value;Without error
01ua.com;HugeDomains.com - 01Ua.com is for sale (01 Ua);Missing value;Missing value;Without error
0.2;Unknown value;Unknown value;Unknown value;Network is unreachable: connect
0.20;Unknown value;Unknown value;Unknown value;Network is unreachable: connect
0.200;Unknown value;Unknown value;Unknown value;Network is unreachable: connect
0.218;Unknown value;Unknown value;Unknown value;Network is unreachable: connect
0222.by;Могилёв и Могилёвский район – Городской интернет-портал;Missing value;Сайт города Могилёва и Могилёвского района;Without error
0.231;Unknown value;Unknown value;Unknown value;Network is unreachable: connect
0232.info;Unknown value;Unknown value;Unknown value;0232.info
0237.info;Unknown value;Unknown value;Unknown value;0237.info
0238.info;Unknown value;Unknown value;Unknown value;0238.info
023.ru;Аренда кроватей для лежачих больных в Краснодаре;Missing value;Медицинские кровати в прокат в Краснодаре с функциями кардио-кресло, боковое переворачивание, туалетное устройство с механическим и электро приводом от 130 руб. в день ;Without error
02476.info;Unknown value;Unknown value;Unknown value;02476.info
0285.com;红姐心水论坛;Missing value;Missing value;Without error
028.xyz;Unknown value;Unknown value;Unknown value;028.xyz
0.29:9204;Unknown value;Unknown value;Unknown value;Network is unreachable: connect
02prokyratyra.net;Unknown value;Unknown value;Unknown value;02prokyratyra.net
02rf.ru;Unknown value;Unknown value;Unknown value;02rf.ru
02y.ru;Unknown value;Unknown value;Unknown value;02y.ru
02-уфа.рф;Сайт Уфы;Missing value;Компании и фирмы Уфы с телефонами и адресами, новые магазины и компании в Уфе;Without error
0.3;Unknown value;Unknown value;Unknown value;Network is unreachable: connect
0.30;Unknown value;Unknown value;Unknown value;Network is unreachable: connect
030201.ru;Unknown value;Unknown value;Unknown value;030201.ru
032.ua;Сайт Львова 032.ua - головні новини і події міста;сайт Львів 032.ua новини афіша довідник підприємство погода дозвілля фотозвіт оголошення карта магазин шопінг нерухомість робота автобазар маршрут транспорт довідкова;Львів - сайт міста та області. Новини, Довідник підприємств, Афіша, Фотозвіти, Оголошення, Карта, Маршрути транспорту - це та інша корисна інформація на 032.ua;Without error
0.33;Unknown value;Unknown value;Unknown value;Network is unreachable: connect
0335.com;無為科技;無為,軟件開發,互聯網應用,IT人才服務,國際服務外包,软件外包服務供應商;無為网络科技 Nothing Technology Inc. 是一家專注於軟件開發、互聯網應用和IT人才服務的國際服務外包公司。我們致力於做“最具專業精神的軟件外包服務供應商”，           為全球的企事業客戶提供高質量的企業CRM、OA、ERP、B2B等系統軟件開發外包服務和以“人才供應鏈”為導向的軟件人才派遣服務，包括軟件開發、系統集成、軟件測試、企業應用平台建設與維護、           IT服務外包和業務流程外包等。 秉承著“精細化服務”的理念，我們通過軟件外包服務推進各行業的創新發展，共贏共進，並整合集團強大教育資源優勢，在軟件開發人才派遣服務、IT人才培養、           項目實訓、大學生實習實訓平台建設等多方面同步發展，以更為完善的服務，為企業提供軟件項目、人才資源方面的解決方案，滿足不同行業企業在軟件外包和IT專業人才方面的需求。           無為與行業內許多知名企業保持了長期穩定的人才合作關係。無為以專業、高效、精細的軟件外包服務，幫助客戶迅速解決項目進度滯後、企業應用平台建設需求、人才短缺等問題，           從而更專注核心業務發展，達到收益最大化，實現多贏。;Without error
0362.ua;Unknown value;Unknown value;Unknown value;Read timed out
0.37;Unknown value;Unknown value;Unknown value;Network is unreachable: connect
0372.ua;0372.ua - сайт міста Чернівці;місто Чернівці, 0372 сайт Чернівців, м Чернівці сайт, новини Чернівці онлайн, робота в Чернівцях, сайт міста Чернівці, Чернівці онлайн, довідник підприємств Чернівців, фото міста Чернівці";0372.ua - сайт міста Чернівці. На нашому сайті ви знайдете найсвіжіші новини міста, карту, інформацію про погоду, роботу, оголошення, афішу та повний довідник підприємств м. Чернівці онлайн.;Without error
0382.ua;Сайт Хмельницького 0382.ua - головні новини і події міста;сайт Хмельницький 0382.ua новини афіша довідник підприємство погода дозвілля фотозвіт оголошення карта магазин шопінг нерухомість робота автобазар маршрут транспорт довідкова;Хмельницький - сайт міста та області. Новини, Довідник підприємств, Афіша, Фотозвіти, Оголошення, Карта, Маршрути транспорту - це та інша корисна інформація на 0382.ua;Without error
0.3:9090;Unknown value;Unknown value;Unknown value;Network is unreachable: connect
03comp.net;Unknown value;Unknown value;Unknown value;03comp.net
03compu.ru;Unknown value;Unknown value;Unknown value;03compu.ru
03-ektb.ru;Портал о медицине и скорой помощи - Портал о скорой помощи и медицине;Missing value;Missing value;Without error
03kem.ru;Айболит. Ремонт компьютеров, ноутбуков, планшетов, телефон в Кемерово. ☎ 333-250;Ремонт компьютеров, ремонт ноутбуков, ремонт планшетов, ремонт сотовых телефонов, компьютерная помощь, удаление вирусов, установка Windows, настройка компьютера, чистка ноутбука;Звоните по тел. 333-250. Выезжаем по Кемерово с 9:00 до 24:00. Диагностика и выезд - бесплатно, если проводится дальнейший ремонт. Гарантия на работы. Компьютерная помощь, а так же ремонт компьютеров, ноутбуков, планшетов;Without error
03pc-nn.ru;Comp-Master;Missing value;Missing value;Without error
03-ru.ru;Unknown value;Unknown value;Unknown value;connect timed out
03.uz;Unknown value;Unknown value;Unknown value;03.uz
0.4;Unknown value;Unknown value;Unknown value;Network is unreachable: connect
042.xyz;Unknown value;Unknown value;Unknown value;042.xyz
0430.com;0430网站库 - 中文网站国际化、丰富实用的网站知识与您分享;0430网站库,免费网站收录,0430网站目录,网址收录,分类目录,目录网站;0430网站库(0430.com)免费收录与分享各类正规网站。网站内容覆盖全球多个国家与地区，包含站长、设计、美食、旅游、文化、音乐、移动互联网等类别的优秀网站资源。;Without error
0432.in;Главная - Дело №0432;Missing value;Missing value;Without error
0462.ua;Сайт Чернигова 0462.ua - лента новостей и последние события в городе;Чернигов, Сайт Чернигова, лента новостей, события, досуг, работа, афиша, объявления, погода, автобазар, карта города, 0462.ua;Чернигов - Сайт Чернигова и области. Новости, афиша, объявления, карта города, автобазар, маршруты транспорта - эта и другая полезная информация на 0462.ua.;Without error
0472.ua;Сайт Черкас 0472.ua - головні новини і події міста;сайт Черкаси  0472.ua новини афіша довідник підприємство погода дозвілля фотозвіт оголошення карта магазин шопінг нерухомість робота автобазар маршрут транспорт довідкова;Черкаси  - сайт міста та області. Новини, Довідник підприємств, Афіша, Фотозвіти, Оголошення, Карта, Маршрути транспорту - це та інша корисна інформація на 0472.ua;Without error
047.рф;Главная - Окрестности Санкт-Петербурга;Окрестности Санкт-Петербурга;Окрестности Санкт-Петербурга;Without error
048.ua;Сайт Одессы 048.ua - лента новостей и последние события в городе;Одесса, Сайт Одессы, лента новостей, события, досуг, работа, афиша, объявления, погода, автобазар, карта города, 048.ua;Одесса - Сайт Одессы и области. Новости, афиша, объявления, карта города, автобазар, маршруты транспорта - эта и другая полезная информация на 048.ua.;Without error
0.49;Unknown value;Unknown value;Unknown value;Network is unreachable: connect
04stream.com;04stream.com streaming for all;Missing value;Missing value;Without error
0.5;Unknown value;Unknown value;Unknown value;Network is unreachable: connect
0.50;Unknown value;Unknown value;Unknown value;Network is unreachable: connect
05070.ru;Unknown value;Unknown value;Unknown value;05070.ru
0.51:85;Unknown value;Unknown value;Unknown value;Network is unreachable: connect
0522.ua;Сайт Кропивницького 0522.ua - головні новини і події міста;сайт Кропивницький 0522.ua новини афіша довідник підприємство погода дозвілля фотозвіт оголошення карта магазин шопінг нерухомість робота автобазар маршрут транспорт довідкова;Кропивницький - сайт міста та області. Новини, Довідник підприємств, Афіша, Фотозвіти, Оголошення, Карта, Маршрути транспорту - це та інша корисна інформація на 0522.ua;Without error
052.xyz;052.xyz-正在西部数码(www.west.cn)进行交易;052.xyz,;052.xyz,;Without error
0542.ua;Сайт Сум 0542.ua - головні новини і події міста;сайт Суми 0542.ua новини афіша довідник підприємство погода дозвілля фотозвіт оголошення карта магазин шопінг нерухомість робота автобазар маршрут транспорт довідкова;Суми - сайт міста та області. Новини, Довідник підприємств, Афіша, Фотозвіти, Оголошення, Карта, Маршрути транспорту - це та інша корисна інформація на 0542.ua;Without error
0564.ua;Unknown value;Unknown value;Unknown value;Read timed out
056.ua;Сайт Днепра 056.ua - лента новостей и последние события в городе;Днепр, Сайт Днепра, лента новостей, события, досуг, работа, афиша, объявления, погода, автобазар, карта города, 056.ua;Днепр - Сайт Днепра и области. Новости, афиша, объявления, карта города, автобазар, маршруты транспорта - эта и другая полезная информация на 056.ua.;Without error
0574shop.com;Unknown value;Unknown value;Unknown value;connect timed out
057.ua;Сайт Харькова 057.ua - лента новостей и последние события в городе;Харьков, Сайт Харькова, лента новостей, события, досуг, работа, афиша, объявления, погода, автобазар, карта города, 057.ua;Харьков - Сайт Харькова и области. Новости, афиша, объявления, карта города, автобазар, маршруты транспорта - эта и другая полезная информация на 057.ua.;Without error
0.59;Unknown value;Unknown value;Unknown value;Network is unreachable: connect
05e0b7df84195cbc00dd95de160c1ec.com;Unknown value;Unknown value;Unknown value;05e0b7df84195cbc00dd95de160c1ec.com
05i.ru;Unknown value;Unknown value;Unknown value;05i.ru
05tz2e9.com;Unknown value;Missing value;See related links to what you are looking for.;Without error
0.6;Unknown value;Unknown value;Unknown value;Network is unreachable: connect
060s.com;Unknown value;Unknown value;Unknown value;HTTP error fetching URL
061.ua;Сайт Запорожья 061.ua - лента новостей и последние события в городе;Запорожье, Сайт Запорожья, лента новостей, события, досуг, работа, афиша, объявления, погода, автобазар, карта города, 061.ua;Запорожье - Сайт Запорожья и области. Новости, афиша, объявления, карта города, автобазар, маршруты транспорта - эта и другая полезная информация на 061.ua.;Without error
061.xyz;Unknown value;Unknown value;Unknown value;061.xyz
06237.info;Unknown value;Missing value;Missing value;Without error
0.62:9080;Unknown value;Unknown value;Unknown value;Network is unreachable: connect
062.ru;Магазины Рязани, Предприятия, телефоны, фирмы, услуги 062.ru, справочник фирм Рязани; Каталог фирм желтые страницы Рязани; Рязань - Желтые страницы Рязани. Каталог фирм и предприятий. Магазины рязани.;Without error
062.ua;Unknown value;Unknown value;Unknown value;Read timed out
0.65:1234;Unknown value;Unknown value;Unknown value;Network is unreachable: connect
0652.ua;Сайт Симферополя 3652.ru - лента новостей и последние события в городе;Симферополь, Сайт Симферополя, лента новостей, события, досуг, работа, афиша, объявления, погода, автобазар, карта города, 3652.ru;Симферополь - Сайт Симферополя и области. Новости, афиша, объявления, карта города, автобазар, маршруты транспорта - эта и другая полезная информация на 3652.ru.;Without error
0666.info;0666.info;;;Without error
068.xyz;Unknown value;Unknown value;Unknown value;HTTP error fetching URL
0692.ua;Unknown value;Unknown value;Unknown value;0692.ua
0.74;Unknown value;Unknown value;Unknown value;Network is unreachable: connect
0.77;Unknown value;Unknown value;Unknown value;Network is unreachable: connect
0791fuwu.com;福屋网_装修网_装修效果图片_装修建材团购_家居装饰装潢_家庭装修资讯网;福屋网,装修,南昌,装修效果图,装修图片;福屋网是南昌装修网站，是为南昌家庭装修业主提供家庭装修招标，为装修公司上传装修效果图片，展示家居装饰装潢设计，为装修建材商发布装修材料信息，发布装修建材团购产品的一个三方装修交流的装修招标网站。;Without error
0.8;Unknown value;Unknown value;Unknown value;Network is unreachable: connect
0800-horoscope.com;Free Horoscopes & Astrology | 0800-horoscope.com;horoscopes, forecasts, daily, weekly, monthly, yearly, astrology, birth chart, compatibility;Horoscopes and astrology information, birth charts, love analysis and more. Read your free daily zodiac forecast every morning. Online since 1998.;Without error
081.pl;081.pl;;;Without error
0.83;Unknown value;Unknown value;Unknown value;Network is unreachable: connect
08420.com;08420.com;Missing value;;Without error
0.87;Unknown value;Unknown value;Unknown value;Network is unreachable: connect
087.xyz;Unknown value;Unknown value;Unknown value;087.xyz
0.88;Unknown value;Unknown value;Unknown value;Network is unreachable: connect
08hopa.com;Unknown value;Unknown value;Unknown value;08hopa.com
0.90;Unknown value;Unknown value;Unknown value;Network is unreachable: connect
0.90:8028;Unknown value;Unknown value;Unknown value;Network is unreachable: connect
090x.sk;SMS priania a blahoželania na rôzne príležitosti : SMS.090x.sk;sms o láske, zamilované, na meniny, dobrú noc a dobré ráno, na vianoce, nový rok, svadba, narodenie dieťaťa, sms blahoželania a priania, vtipné a erotické sms;Poteš svojich blízkych SMS-kou, na meniny, na dobrú noc a dobré ráno, sms blahoželania a priania, o láske, vtipné sms. U nás si určite vyberieš tú pravú.;Without error
097.xyz;Unknown value;Unknown value;Unknown value;097.xyz
09845.ru;Unknown value;Unknown value;Unknown value;09845.ru
098.pl;Unknown value;Unknown value;Unknown value;HTTP error fetching URL
09i.org;Unknown value;Unknown value;Unknown value;09i.org
09reg.ru;09REG;Missing value;Missing value;Without error
09service.ru;Сервис 09 | 09service.ru;Missing value;Missing value;Without error
0adz.com;Unknown value;Missing value;Missing value;Without error
0bb.ru;Создать бесплатный форум на MyBB;Missing value;Простой, быстрый и надежный сервис для создания форума. Более 500 000 форумов.;Without error
0bbs.ru;Unknown value;Unknown value;Unknown value;0bbs.ru
0calc.com;Web 2.0 scientific calculator;calculator, web calculator, web2.0, online, calculator, calc, tool, scientific calculator, math;Free Online Scientific Notation Calculator. Solve advanced problems in Physics, Mathematics and Engineering. Math Expression Renderer, Plots, Unit Converter, Equation Solver, Complex Numbers, Calculation History.;Without error
0calc.es;Web 2.0 calculadora científica;web 2.0, en línea, calculadora, herramienta calc;Calculadora en línea gratis notación científica. Resolver problemas avanzados en Física, Matemáticas e Ingeniería.;Without error
0catch.com;0Catch.com - free and affordable hosting plans for business and personal web sites including CGI and FrontPage Support;free web hosting free web space web site hosting professional hosting paid cheap email e-mail domain hosting;0catch.com offers FREE Web Hosting and Cheap business web hosting on reliable servers.  We also have a highly profitable reseller web hosting program.  Get your FREE web space today.;Without error
0entrepreneur.com;Unknown value;Unknown value;Unknown value;connect timed out
0evolved.com;Unknown value;Unknown value;Unknown value;0evolved.com
0fees.net;Free Web Hosting - PHP, MySQL, FTP, Email;Missing value;Missing value;Without error
0fees.us;Free Web Hosting - PHP, MySQL, FTP, Email;Missing value;Missing value;Without error
0flick.com;尊龙人生就是搏 | AG发财网;尊龙人生就是搏;顶级导航网站AG暴富网【agbaofu.com】，最新优惠快速查看，AG八大品牌任你选择【百万秒提】，暴富就上AG暴富网，安全正规有保障，大品牌值得信赖！欢迎访问！！！;Without error
0fl.ru;Unknown value;Missing value;Missing value;Without error
0forum.biz;Custom Search Engine;Missing value;Custom Google Search. Fast Search.;Without error
0hna.com;Unknown value;Missing value;Missing value;Without error
0hosting.me;0HOSTING | Платный хостинг с PHP, MySQL;Платный, хостинг, сайтов, лучший, профессиональный, цена-качество, php, mysql, perl, python, виртуальный, веб-хостинг, сайтов, создать, сайт, бесплатный, домен, hosting;Платный хостинг сайтов с поддержкой PHP и MySQL, Python, Perl и множеством других функций. Лучший в соотношении цена-качество;Without error
0lik.ru;0LIK.RU - Дизайн и Графика - Всё для Вашего творчества;шаблоны для фотошоп, рамки для фото, векторный клипарт, photoshop, шаблоны для сайтов, клипарты, иконки, фотоклипарт, растровый клипарт, фото,  векторный клипарт, скрап, дизайн, текстуры, рисунки, шрифты, шаблоны сайтов;Ресурс для дизайнеров и творческих людей. Все для любителей Фотошопа. ;Without error
0lx.net;Unknown value;Missing value;Missing value;Without error
0-magazin.ru;Unknown value;Unknown value;Unknown value;0-magazin.ru
0.mht!http:;Unknown value;Unknown value;Unknown value;Invalid characters in hostname
0nline-casino.ru;Unknown value;Unknown value;Unknown value;0nline-casino.ru
0o.no;Unknown value;Unknown value;Unknown value;connect timed out
0pf.ru;Unknown value;Unknown value;Unknown value;0pf.ru
0-pk.ru;Unknown value;Missing value;Missing value;Without error
0pk.ru;0pk.ru — Создание форума бесплатно — Сервис бесплатных персональных форумов;cоздать форум, cоздать форум бесплатно, сделать форум, сделать форум бесплатно, создать бесплатный форум, создать свой форум, бесплатный хостинг форумов, бесплатные форумы, создать бесплатно форум, хостинг форум, бесплатная регистрация форумов;0pk.ru — создание форума бесплатно еще никогда не было таким простым! Сервис персональных бесплатных форумов подскажет, как сделать форум за пару минут.;Without error
0rechner.de;Web 2.0 Taschenrechner;Taschenrechner, Rechner, Web Rechner, Wissenschaftlicher Taschenrechner, Onlinerechner, Online Taschenrechner, Web 2.0, Mathematik;Der wissenschaftliche Taschenrechner im Internet. Ideal zum Lösen von Hausaufgaben aus den Gebieten: Mathematik, Physik und Technik. Mit Vektor/Matrixrechner, Gleichungslöser, komplexen Zahlen und Einheitenumrechnung.;Without error
0rg.fr;Nom de Domaine GRATUIT, Redirection gratuite;nom de domaine gratuit, domaine gratuit, créer un site, nom de domaine, noms de domaine gratuit, domaine gratuit, redirection gratuite, redirection sous frame, redirection de site, redirection transparente, redirection d'url, redirection web, identité internet, adresse gratuite, adresse internet gratuite, adresse de site, url de site gratuite, url gratuite, dns gratuit, compteur gratuit, statistiques gratuites, pointage ip, pointage dns, sous-domaine, free domain name, subdomain, reroutage, site gratuit;Enregistrer un Nom de Domaine GRATUIT sans publicité intempestive. Redirection gratuite d'URL, redirection sous frame, redirection transparente, redirection e-mail, Pointage IP, statistiques ...;Without error
0rtl.de;Unknown value;Unknown value;Unknown value;0rtl.de
0stylr.com;IIS Windows Server;Missing value;Missing value;Without error
0tlichnik.ru;Unknown value;Unknown value;Unknown value;HTTP error fetching URL
0tub.com;Free Porn - 0TUB.com;Missing value;hot free porn tube, indian xvideos xxx porno, xxx jav best free 3gp videos, young teen hard tube movies, xxx mobile, red tube xxx mature videos, 3gp xhamster fresh xxx clips.;Without error
0-ua.com;Unknown value;Unknown value;Unknown value;Read timed out
0.unique;Unknown value;Unknown value;Unknown value;0.unique
0-up.com;Unknown value;Unknown value;Unknown value;connect timed out
0usa.com;0usa.com;Missing value;Missing value;Without error
0webtutorials.com;Unknown value;Missing value;Missing value;Without error
0ww0.ru;Unknown value;Unknown value;Unknown value;0ww0.ru
0x21h.net;Unknown value;Unknown value;Unknown value;connect timed out
0x427567.com;Unknown value;Unknown value;Unknown value;0x427567.com
0xff.me;0xff;Missing value;Missing value;Without error
0zed.com;Digital Technology;Missing value;0zed digital technology tell about the internet, computer, mobile, and edge technologies;Without error
0zz0.com;العملاق لرفع و تحميل الصور;مركز العملاق,العملاق لرفع الصور,مركز تحميل العملاق,صور,تحميل صور,برنامج تحميل,برنامج تحميل صور,مركز تحميل صور,مركز تحميل,تحميل الصور,موقع تحميل,موقع تحميل صور,رفع صور,رفع الصور,مركز رفع صور,مركز رفع,موقع رفع,موقع رفع صور,مركز رفع الصور,موقع رفع الصور,برنامج رفع صور;مع العملاق تضمن حماية خصوصية صورك و استمرارية استضافتها لمدة ثلاث سنوات فعلياً و بشكل مجاني;Without error
10000boatnames.com;10,000 Boat Names, an SB Owners site;Missing value;;Without error
10001mb.com;Unknown value;Unknown value;Unknown value;10001mb.com
1000avto.ru;Unknown value;Unknown value;Unknown value;1000avto.ru
1000bankov.ru;1000 банков.ру - кредиты, вклады и курсы валют в банках России; сравните условия и найдите ближайший офис или банкомат.;Missing value;Missing value;Without error
1000e.ru;Авто новости;;;Without error
1000kv.ru;Франшиза посуточной аренды квартир;Missing value;Missing value;Without error
1000letie.ru;Сайт 1000-летия города Ярославля (в 2010 году Ярославлю 1000 лет!);Missing value;Missing value;Without error
1000likes.ru;Unknown value;Unknown value;Unknown value;connect timed out
1000mb.ru;Unknown value;Unknown value;Unknown value;HTTP error fetching URL
1000mest.ru;1000 лучших мест нашей планеты. Самые главные достопримечательности мира.;Missing value;На этом сайте вы найдёте описание всех достопримечательностей мира, фото, рассказы очевидцев и многое другое;Without error
1000moments.net;Early Learning Central;Missing value;Missing value;Without error
1000namillion.com;Unknown value;Unknown value;Unknown value;1000namillion.com
1000notes.com;The Best of Tumblr Blog - 1000notes.com;Missing value;1000notes.com is the original Best of Tumblr blog (no direct affiliation with Tumblr itself). We pick out the very best posts on Tumblr and reblog them for you to enjoy. Follow to get the very best...;Without error
1000plastinok.net;Unknown value;Unknown value;Unknown value;connect timed out
1000points.ru;Unknown value;Missing value;Missing value;Without error
1000porno.net;Тысяча Порно видео Онлайн;голая,школьница,молодые,новое порно,любительская,негры,инцест,папа с дочкой,мама с сыном,юные русские,маленькие,красивые,с бантиками,лысая пися,зоофилы,пидар;Гигабайты нового порно видео онлайн смотреть на вашем компьютере бесплатно без регистрации и не каких смс;Without error
1000ps.at;Die stärkste Motorrad Seite im Internet - 1000PS.at;Missing value;1000PS.at - Die stärkste Motorrad Seite im Internet. Bietet Motorrad Testberichte und Neuheiten, Bilder, Videos, einen kostenlosen Motorrad Marktplatz für Gebrauchtmotorräder, Roller und Mopeds und einer Motorrad Händler Übersicht.;Without error
1000ps.de;Die stärkste Motorrad Seite im Internet - 1000PS.de;Missing value;1000PS.de - Die stärkste Motorrad Seite im Internet. Bietet Motorrad Testberichte und Neuheiten, Bilder, Videos, einen kostenlosen Motorrad Marktplatz für Gebrauchtmotorräder, Roller und Mopeds und einer Motorrad Händler Übersicht.;Without error
1000rr.net;Honda CBR 1000RR Forums;Missing value;A forum community dedicated to Honda CBR 1000RR motorcycle owners and enthusiasts. Come join the discussion about troubleshooting, performance...;Without error
1000rub.com;Деревня Выручаловка;Missing value;Missing value;Without error
1000savings.com;1000Savings.com;Malaysia group buying, group buying coupon, money-saving tips, freebies, malaysia contest, facebook contest, GROUPON Malaysia coupon, Mydeal coupon, dealmates coupon, everyday coupon, milkadeal coupon, webuy coupon, mobile prepaid, mobile postpaid, malaysia credit cards, malaysia broadband;Bringing you best deal everyday! Group Buying discount coupon + Freebies + Contest + review of Malaysia mobile prepaid & postpaid, Credit Cards, broadband & travel;Without error
1000shin.ru;Шины и диски - в магазине 1000 шин | Продажа автошин в Ростове-на-Дону, купить шины по хорошей цене - интернет магазин шин (автошин);Магазин дисков и шин в Ростове-на-Дону, продажа шин, дисков;Интернет-магазин шин и дисков 1000 Шин. Продажа шин и дисков в Ростове-на-Дону и России. Доставка по Ростову-на-Дону – бесплатно!;Without error
1000size.ru;1000 Размеров;Missing value;Missing value;Without error
1000taxi.com;Unknown value;Unknown value;Unknown value;connect timed out
1000ton.eu;Unknown value;Unknown value;Unknown value;1000ton.eu
1000.tv;Unknown value;Unknown value;Unknown value;sun.security.validator.ValidatorException: PKIX path validation failed: java.security.cert.CertPathValidatorException: validity check failed
1000uspehov.ru;Unknown value;Unknown value;Unknown value;1000uspehov.ru
1000v1.ru;Unknown value;Unknown value;Unknown value;1000v1.ru
1000webgames.com;1000 Games, Free Games To Play Online, Cool Web Games;1000 games,1000 free games to play,cool games,web games,car games,driving games,racing games,puzzle games,shooting games,flash games,online games,free games,point and click,adventure,strategy,pimp my ride,dress up,racing,shooting,top games,best games;Play 1000 games at 1000webgames.com. Best online games and web games to play for free. More than 1000 free games to play. Cool games like  car games, driving games, racing games, puzzle games, shooting games and more web games.;Without error
1000yishu.com;Unknown value;Unknown value;Unknown value;1000yishu.com
1000zadach.info;Loading...;Missing value;Missing value;Without error
1000zakazov.ru;Unknown value;Unknown value;Unknown value;1000zakazov.ru
100.1;Unknown value;Unknown value;Unknown value;connect timed out
100.10;Unknown value;Unknown value;Unknown value;connect timed out
100.100;Unknown value;Unknown value;Unknown value;connect timed out
100.126:8080;Unknown value;Unknown value;Unknown value;connect timed out
100.15;Unknown value;Unknown value;Unknown value;connect timed out
100.158;Unknown value;Unknown value;Unknown value;connect timed out
1001chudo.ru;1001 чудо света - коллекция мировых чудес;;1001 чудо света - коллекция мировых чудес;Without error
1001delices.net;1001 délices : Recettes de cuisine, 1001 Restaurants, Astuces, Top Restaurants et forum;recette, recettes, délices, trucs et astuces, truc, astuce, restaurant, restaurants, resto, concours, 1001delices, menu, légumes, fruits, liste de recettes, poissons, fiche culinaire, bouffe, fromage, sandwich, oeuf, gourmand, boulangerie, cuisinier, manger, soupe, culinaire, livre de recettes, viande, légume, fromage, amuse-gueule, amuse-bouche, crèpe, cuisiner, gibier, hors d'oeuvre, salade, riz, entrée, recettes de cuisine, desserts, gateau, dessert, repas, volaille, potage, sauces, pizza, veau, beurre, fruits de mer, viandes, boeuf, poulet, cooking, tarte, pâtes, pâtisserie, chef, poissons, plat, marinade, biscuit, glace, boissons, sauce, tarte, autres recettes, pâtes, poisson, gastronomie, assaisonnements, assaisonnement, crustacés, crustacé, fromages, économiques, recettes economiques, recettes express, recette expres, recettes minceures, minceures, minceure, recettes végétariennes, végétarien, 1001;1001 délices est un portail culinaire contient plusieurs sites, recettes, trucs et astuces, top restaurants, forum, carte de visite virtuelle;Without error
1001do.ru;Unknown value;Unknown value;Unknown value;1001do.ru
1001dresses.ru;Истёк срок регистрации домена 1001dresses.ru;Missing value;Missing value;Without error
1001dress.ru;Платье купить от производителя недорого - 1001 DRESS;интернет магазин платьев, купить платье санкт петербург, купить платье москва, купить платье цены;Большой выбор женских платьев в интернет - магазине 1001dress.ru ✔ Новые коллекции ✔ Бесплатная примерка ✔ Доставка по всей России;Without error
1001fact.com;Unknown value;Unknown value;Unknown value;1001fact.com
1001fonts.com;1001 Fonts · Free Fonts Baby!;Missing value;21,713 free fonts in 11,554 families · Free licenses for commercial use · Direct font downloads · Mac · Windows · Linux;Without error
1001freedownloads.com;Download Free Vectors, Photos, Icons, PSDs and more - 1001FreeDownloads.com;Missing value;Download free vectors, photos, icons, fonts, wallpapers and more. We're constantly expanding our content with exclusive 1001freedownloads.com files;Without error
1001golos.ru;1001Голос.ру | Битвы через социальные сети;Битвы, битва, лучшие битвы, создать битву, завершённые битвы, голосование, онлайн битвы, 1001голос, 1001 голос, интернет битвы, социальные сети;Онлайн голосование определит лучшего! Создавайте битвы, смотрите лучшие битвы, узнавайте результаты завершённых битв.;Without error
1001goroskop.ru;Гороскоп на сегодня | 1001 ГОРОСКОП;гороскоп, гороскоп на сегодня, гороскоп на завтра, 1001 гороскоп, знаки зодиака, дмитрий зима, марина успенская;Ежескоп: ✹ Гороскоп на сегодня | Любовный гороскоп на сегодня | Бизнес-гороскоп на сегодня | Гороскоп здоровья...;Without error
1001host.ru;Unknown value;Unknown value;Unknown value;Unexpected end of file from server
1001hry.cz;1001 Hry - Zahraj si zdarma hry pro mladé i staré!;hry, hry zdarma, hrát hry, hrát, hry na internetu, hrát teď, každá hra;Nejnovější a nejkrásnější hry sesbírané na 1 webové stránce! U nás jich nalezneš více jak 3500!;Without error
1001jocuri.com;Jocuri – Joacă jocuri haioase pe 1001 Jocuri!;Missing value;1001Jocuri.com;Without error
1001katalog.ru;Одежда по каталогам — заказ через 1001 каталог | Центр заказов по каталогам — купите одежду европейского качества;купить одежду по каталогам заказ центр товаров 1001 через;Центр заказов «1001 каталог» предлагает выбрать и купить одежду по каталогам знаменитых немецких брендов. У нас представлен широкий ассортимент продукции европейского качества по доступным ценам.;Without error
1001kvartira.ru;Аренда жилья посуточно - 1001kvartira.ru;Missing value;Мы помогаем арендовать жилье посуточно в любом городе России, по низкой цене. На нашем сайте Вы найдете недорогие предложения об аренде жилья посуточно и без посредников. Посуточная аренда от хозяев в России - наш конек...;Without error
1001mahjonggames.com;Free Mahjong Games at 1001mahjonggames.com;Missing value;Play free Mahjong games on the best mahjong website over the net. we have a variety of Free Mahjong games which you can play online and enjoy your free time.;Without error
1001meloch.com;1001 мелочь для рекламы и маркетинга;;Доски объявлений. Разместить объявление на бесплатных досках. Как писать и размещать объявления. ;Without error
1001mem.ru;1001 Мем | Новости - Приколы - Комиксы - Мемы;1001 мем, 1001мем, 1001mem, 1001 mem, новости, актуальные новости, юмористические новости, горячие новости, создать новость, приколы, лучшие приколы, новые приколы, создать прикол, комиксы, лучшие комиксы, создать комикс, мемы, мем, новые мемы, создать мем, создать мемы, создать мемы онлайн, создать мем онлайн со своей картинкой;Прямо сейчас Вы первыми узнаете всё, что происходит сейчас в мире, посредством юмористических новостей, приколов, комиксов и мем. Это интересно!;Without error
1001noisycameras.com;1001 NOISY CAMERAS;Missing value;Missing value;Without error
1001onlinegames.net;Unknown value;Unknown value;Unknown value;1001onlinegames.net
1001pelit.com;Pelit - pelaa nyt 3500 ilmaista online-peliä!;Missing value;Uusimmat ja hauskimmat pelit kaikki yhdellä sivustolla! Meiltä löydät yli 3500 peliä! ;Without error
1001recepti.com;1001 рецепти - сайт за готвене и кулинария;Missing value;Ежедневно обновяван сайт с много рецепти, статии и полезни приложения, акцентиращ върху здравословното хранене и начин на живот. Богата информация за калории, витамини и минерали;Without error
1001referatik.ru;Unknown value;Unknown value;Unknown value;1001referatik.ru
100-1.ru;Unknown value;Unknown value;Unknown value;Read timed out
1001skidka.com;Unknown value;Unknown value;Unknown value;1001skidka.com
1001soft.com;Бесплатные программы - скачай софт бесплатно!;программы софт бесплатно скачать free soft software download FlashGet WinRAR ICQ WinAmp ACDSee Opera Mozilla FAR MyIE Internet Explorer DirectX Nero;В нашем каталоге программ вы найдете огромную коллекцию софта разных производителей. Наш каталог содержит как бесплатные, так и коммерческие программы для различных платформ, таких как: Windows, Unix, Android, iOs, Mac OS, Palm OS, Pocket PC, Symbian...;Without error
1001tabs.com;Tablature guitare gratuite débutant (guitar pro) - 1001 tabs;Toutes les tabs (tablature, partition, tab) de guitare au format 'Guitar Pro'. Le format 'Guitar Pro' permet d'obtenir une tablature exacte du morceau. 1001 Tabs permet également de trouver les différents accords de guitare.Par exemple, tablatures de Jeux interdits, Oasis Wonderwall, Tryo L'hymne de nos campagnes, Simpsons The simpsons theme, Bob Marley No woman no cry, Eagles Hotel california, Cranberries Zombie, Led zeppelin Stairway to heaven ... tous les styles de musique pour la guitare;Toutes les tabs (tablature, partition, tab) de guitare au format 'Guitar Pro'. Le format 'Guitar Pro' permet d'obtenir une tablature exacte du morceau. 1001 Tabs permet également de trouver les différents accords de guitare.Par exemple, tablatures de Jeux interdits, Oasis Wonderwall, Tryo L'hymne de nos campagnes, Simpsons The simpsons theme, Bob Marley No woman no cry, Eagles Hotel california, Cranberries Zombie, Led zeppelin Stairway to heaven ... tous les styles de musique pour la guitare;Without error
1001tours.com;Bizland;Missing value;Missing value;Without error
1001tours.net;Bizland;Missing value;Missing value;Without error
1001tur.ru;Поиск туров - Онлайн по всем туроператорам 🏝 Официальный сайт турагентства “1001 Тур” (Москва, Россия);Missing value; Туры от 73 туроператоров на сайте 1001 Тур ✅Поиск туров онлайн от турфирмы 1001tur.ru ✅Цены на путевки от 600 ₽ ✅Банк из 40910244 тура на 2019-2020 г. 🏢185 офисов сети турагентств по Москве и России ✅Новости, акции компании, отзывы туристов. ;Without error
1001uzor.com;1001 узор для вязания спицами и крючком;Вязание, узоры крючком, вязание спицами, вязание крючком, схемы, петля, клубок, пряжа, модели, одежда для полных, модели больших размеров, салфетки, скатерти, шали, пончо, юбка, топ, жилет, свитер, пуловер, кардиган, платье, сарафан, пинетки, варежки, митенки, одежда для собак, узоры для вязания, каталог узоров, вязаная мода, выбор узоров, вязание малышам, вязание на спицах и крючком, рукоделие,вязание для женщин, вязание детям, фантазийные узоры, как научиться вязать,  взять узор, выбрать узор, все о вязании, схемы по вязанию моделей, вязание популярный вид рукоделия,  связать,  модное вязание, вязание лучшее хобби, все виды узоров, модные вещи, как украсить свой дом, вязаные изделия;Полный каталог узоров для вязания крючком и спицами. Узоры для вышивки и бисероплетения. Вязаные модели с описанием для мужчин и женщин, молодежи и детей. Вязаная одежда для полных. Схемы для вязания салфеток и шалей, носков и жилетов. Описание приемов вязания;Without error
1001z.ru;Интернет магазин автозапчастей;Интернет магазин автозапчастей Оригинальные каталоги Общий каталог запчасти Аналоги Неоригинал Каталог расходников для ТО Шины Диски Колпаки Каталог масел Каталог автоаксессуаров Каталог аккумуляторов Автолампы;Автозапчасти для иномарок в интернет магазине 1001 Запчасть можно купить используя каталог запчастей или воспользовавшись поиском по наименованию. Оригинальные запчасти и качественные аналоги в наличии и под заказ. Доставка.;Without error
100.200;Unknown value;Unknown value;Unknown value;connect timed out
100-200.ru;Unknown value;Unknown value;Unknown value;100-200.ru
100.225;Unknown value;Unknown value;Unknown value;connect timed out
100.237;Unknown value;Unknown value;Unknown value;connect timed out
1002.ru;Анекдоты;Анекдоты;Анекдоты;Without error
100.45;Unknown value;Unknown value;Unknown value;connect timed out
100479.net;Unknown value;아이돌 인기순위, 아이돌 인기투표, 연예인 인기투표,인기순위,연예인 월드컵,나라별로 뽑은 연예인 인기순위, 가수,레이싱모델,아나운서,개그맨,야구선수,정치인,영화,TV예능,TV드라마 인기투표;남자,여자아이돌 인기순위, 인기투표, 연예인 인기순위, 연예인 인기투표;Without error
100500domov.ru;Unknown value;Unknown value;Unknown value;100500domov.ru
100500video.ru;Unknown value;Unknown value;Unknown value;100500video.ru
100ani.com;100ani.com - უფასო განცხადებების ყველაზე დიდი პორტალი;mymarket ge,mai market je,maimarket je,mai avto je,my auto  search engine ranking;Missing value;Without error
100casino.info;Сайт гид по онлайн казино. Все про казино в интернете. Правила и стратегии, чтобы правильно играть в казино на деньги, а игра в казино стала выигрышной!;интернет казино, онлайн казино, игровые автоматы, про казино, казино на деньги, играть в казино, игра в казино, игры казино;На сайте собрана актуальная информация про казино на деньги, все новинки мира азартных игр, интервью с победителями и владельцами онлайн казино, стратегии игры в казино, можно играть в игровые автоматы бесплатно и без регистрации;Without error
100casino.net;100 Casino - En blogg om olika online-casinon och spel;Missing value;En blogg om olika online-casinon och spel;Without error
100creditov.su;Ипотека и банковский кредит, ипотека в Москве, получить кредит в банке.;Ипотека и банковский кредит, ипотека в Москве, получить кредит в банке., кредит, ипотека, кредитная карта, банк;Ипотека и банковский кредит, ипотека в Москве, получить кредит в банке.. Подбор любых кредитов, заявки на кредит в банки он-лайн;Without error
100crm.ru;Welcome!;Missing value;Missing value;Without error
100diet.org;Unknown value;Unknown value;Unknown value;100diet.org
100-d.ru;100-d.ru - Главная;Автозапчасти, иномарки, контрактные автозапчасти, контрактные япоснкие запчасти. ;Автозапчасти новые и контрактные. Отечественные и иномарки.;Without error
100-filmov.ru;ЛУЧШИЕ СОВЕТСКИЕ и РУССКИЕ ФИЛЬМЫ - скачать бесплатно!;100 Лучших советских и Русских фильмов бесплатно, советские фильмы, советское кино, бесплатное советское кино, кино советское бесплатно, скачать советское кино, советское кино скачать, лучшее советское кино, советское кино в хорошем качестве, скачать бесплатное советское кино, советское кино скачать бесплатно, бесплатные советские фильмы, советские фильмы бесплатно,лучшее советское кино,  лучшие советские фильмы, советские фильмы качество, советские фильмы хорошего качества, старый советский фильм, старые советские фильмы, советские фильмы скачать, советские фильмы без регистрации, советские фильмы бесплатно без регистрации, бесплатные без регистрации советские фильмы, бесплатные советские фильмы скачать, бесплатно скачать советские фильмы, фильмы советских лет, старые фильмы советские бесплатно, советские детские фильмы, советские художественные фильмы, фильм ссср, старые фильмы, старое кино, фильмы гайдая, фильмы рязанова, скачать советские фильмы бесплатно, лучшие советские комедии, лучшие советские фильмы всех времен, Советские фильмы, Советские фильмы скачать, Советские фильмы скачать бесплатно, лучшие советские фильмы бесплатно;Скачать бесплатно Лучшие советские и русские (российские) фильмы и сериалы в хорошем качестве, без регистрации и смс! Комедии, мелодрамы, боевики, детективы, приключения, фильмы о войне!;Without error
100freemb.com;100freemb.com Is For Sale;Missing value;The domain name 100freemb.com is for sale. Call BuyDomains at 844-896-7299 to get a price quote and get your business online today!;Without error
100freemegs.com;Unknown value;Unknown value;Unknown value;100freemegs.com
100free.net;免费绿色汉化补丁软件下载站;免费软件,绿色软件,汉化软件;100免费网每天更新免费软件,绿色软件,汉化补丁软件下载,努力打造国内真正的免费绿色汉化补丁软件下载站.;Without error
100gsm.com;Unknown value;Missing value;Missing value;Without error
100kopiya.ru;Unknown value;Unknown value;Unknown value;100kopiya.ru
100mart.ru;Unknown value;Unknown value;Unknown value;100mart.ru
100masterov.com;Сонник Юноны - 40 сонников, гороскоп 2020, гороскопы, гадания;;Большой сонник Юноны - 75 сонников, гадания таро онлайн. Гороскоп на каждый день для знаков. Гороскопы на все случаи жизни.;Without error
100mb.net;100mb.net/ - Сервис регистрации доменов и хостинга *.RU-TLD.RU;Missing value;Missing value;Without error
100megabit.ru;100 Мегабит;Missing value;Missing value;Without error
100megsfree5.com;100megsfree5.com - Free web space provider. 100/250 Megs of free space, front page extensions, FTP, free games, free site tools, free web page;free web space, free web pages, 100 megs free web host, front page support free space, free site, free web site, free web pages, 100 megs free web host, front page support free space, free site, free web site, free web space 100 megs free web host front page support free space free site free web site free web space free web pages front page support free space free site free web site free web space free web pages 100 megs free web host free site, free web site, free web space, free web pages, 100 megs free web host, front page support free space, free web site, free web space, free web pages, 100 megs free web host front page support free space, free site;Missing value;Without error
100-met.ru;Unknown value;Unknown value;Unknown value;100-met.ru
100minds.ru;Unknown value;Unknown value;Unknown value;HTTP error fetching URL
100-mln.com;Unknown value;Unknown value;Unknown value;Read timed out
100mountain.com;100mountain 百岳戶外裝備－首頁;百岳,高雄百岳,台北百岳登山,台北百岳露營,百岳登山,百岳露營,登山,露營,登山露營,旅遊,體育;100mountain百岳戶外裝備即將邁入40個年頭，不管是從多年的登山經驗還是從客人身上獲得的回饋意見，我們認為對於喜愛山林與戶外旅遊的朋友來說，都是很珍貴的。 更多登山、露營裝備 ...;Without error
100ms.ru;Хостинговая компания 100ms.ru - только выгодные решения;Missing value;Хостинг 100ms.ru - только выгодные решения: оптимальные дешевые тарифы вебхостинга, лучшие VDS конфигурации, регистрация и продление доменов по фиксированной цене, быстрые сервера в России и за рубежом.;Without error
100nn.info;Unknown value;Missing value;Missing value;Without error
100nonude.biz;++ 100 NoNude Models ++;100nonude, pantyhose, lingrie, stockings, fetish, 100 nonude, non nude, alt.binaries, alt.binaries.nospam.teenfem.nonude, nonude girls, young girls, cute little girls of fashion, girls at bikini, beautifull dressed ladies, petite ladies, cute nonude models;free picture gallery of young girl models. models in stockings. pantyhose babes;Without error
100-people.ru;Unknown value;Unknown value;Unknown value;100-people.ru
100pka.pl;Unknown value;Unknown value;Unknown value;connect timed out
100pudov.info;100pudov.info;Missing value;Missing value;Without error
100pushups.ru;Как научиться отжиматься 100 раз. Программа 100 отжиманий;отжимания, силовые отжимания, отжиматься, мускулы, сила, фитнесс, план тренировок, программа тренировок, 100 отжиманий, сто раз отжаться, развитие мышц груди, трицепсы, плечи, пресс, мышцы;Сто отжиманий. Тренировочная программа, предназначенная для улучшения силы и физической подготовки;Without error
100rk.ru;Сто рецептов красоты - купить косметику на официальном сайте 100rk.ru;;Российская косметика Сто рецептов красоты на основе натуральных ингредиентов и лучших домашних рецептов поможет сохранить здоровье, молодость и красоту надолго!;Without error
100-rublej-sochi.ru;Unknown value;Unknown value;Unknown value;100-rublej-sochi.ru
100sm.ru;Бизнес-хостинг - 100sm.ru;хостинг,бизнес-хостинг,вебхостинг,аренда серверов,регистрация доменов,надежный хостинг,быстрый хостинг,виртуальный,vps,VDS,выделенный сервер,хостинг-услуги,ispmanager,cpanel,безлимитный трафик,Unlimited,размещение,место,поддержка,cgi,cron,ssh,ssi,perl,техническая поддержка,техподдержка online;100sm.ru Бизнес-хостинг - оптимальные тарифы вебхостинга, лучшие VDS конфигурации, регистрация и продление доменов по фиксированной цене, быстрые сервера в России и за рубежом.;Without error
100sp.ru;Совместные покупки;совместные покупки, закупки, клуб, магазин, сайт, групповые закупки, ;Сайт совместных покупок. Купить женскую и детскую одежду, обувь, продукты питания, товары для дома. 100sp - лучшее за полцены!;Without error
100to1.ru;Unknown value;Unknown value;Unknown value;100to1.ru
100trav.ru;Домен 100trav.ru: купить в магазине доменных имен REG.RU;Missing value;Домен 100trav.ru продаётся. Цена: 35 000,00 р. Категории: Бизнес - Другое; Товары - Другое; Разное - Словарные слова (англ). Вся информация о домене в магазине доменов REG.RU.;Without error
100uikkazani.ru;100 УИК Казани;site, google, internet;100 УИК Казани;Without error
100wmz.com;Каталог Telegram - каналы и боты, а также советы, идеи, ресурсы...;Missing value;Бесплатный каталог каналов в Telegram, а также раздел с ресурсами, идеями, советами для администраторов по продвижению и монетизации каналов, ботов, групп;Without error
100yangsheng.com;健康之路_养生堂视频_我是大医生_饮食养生汇_中华医药_百年养生网;养生,养生堂视频,北京卫视养生堂视频,养生堂视频全集,养生堂2020视频全集,养生堂2020视频全集,健康之路,健康之路视频全集,健康之路2020视频全集,cctv10健康之路,万家灯火养生,江苏卫视万家灯火,家政女皇,饮食养生汇,我是大医生,x诊所,cctv4中华医药,btv健康北京,中医养生,健康自测,健康小报,健康新闻,体质养生,穴位养生,针灸,健康图库,健康讲座,养生专家,何裕民,于康,范志红;百年养生网每日发布最新的北京卫视养生堂视频、cctv10健康之路视频、河北卫视家政女皇视频、湖北卫视饮食养生汇视频等健康讲座及详细文字介绍。另外关注中医养生，提供知名养生专家（杨奕,陈允斌,何裕民,于康,范志红等）的最实用的穴位养生，针灸等养生知识。还每天提供健康图库，健康自测，健康小报等精品健康养生互动内容。;Without error
100zaimov.ru;актуальное зеркало Леонбетс на сегодня работающим-LEONBETS-Вход-Доступ Леонбетс сегодня-рабочая ссылка Леон - Зеркало Леонбетс-актуальная ссылка бк Леон;бк леон бест,бк леон зеркало рабочее новое,бк леон зеркало рабочего сайта,бк леон зеркало сайта работающее сегодня,бк леон букмекерская контора официальный сайт бк леон ру официальный сайт,бк леон бет мобильная версия,бк леон в казахстане,бк леон ставки н;Рабочее зеркало сайт Leonbet. Зеркало — это копия официального сайта букмекерской конторы, позволяющая обойти блокировку провайдерами интернета. Альтернативные ссылки создают нелегальные конторы, не имеющие разрешения на работу в России. Поскольку БК Леон;Without error
10.1;Unknown value;Unknown value;Unknown value;connect timed out
10.10;Unknown value;Unknown value;Unknown value;connect timed out
10.105;Unknown value;Unknown value;Unknown value;connect timed out
10.11;Unknown value;Unknown value;Unknown value;connect timed out
101.1;Unknown value;Unknown value;Unknown value;connect timed out
101.102;Unknown value;Unknown value;Unknown value;connect timed out
101.135;Unknown value;Unknown value;Unknown value;connect timed out
101.204;Unknown value;Unknown value;Unknown value;connect timed out
10.129;Unknown value;Unknown value;Unknown value;connect timed out
101.3;Unknown value;Unknown value;Unknown value;connect timed out
10.131:1280;Unknown value;Unknown value;Unknown value;connect timed out
101325.ru;инженерное бюро "Одна Атмосфера" (1 Атмосфера);Отопление, вентиляция, кондиционирование (ОВиК) и противодымная защита (ПДЗ).;сайт инженерного бюро Одна Атмосфера;Without error
10.139;Unknown value;Unknown value;Unknown value;connect timed out
10.14;Unknown value;Unknown value;Unknown value;connect timed out
10.157:8080;Unknown value;Unknown value;Unknown value;connect timed out
101.6;Unknown value;Unknown value;Unknown value;connect timed out
10.172;Unknown value;Unknown value;Unknown value;connect timed out
10.181;Unknown value;Unknown value;Unknown value;connect timed out
101bankomat.ru;Unknown value;Unknown value;Unknown value;101bankomat.ru
101bassein.ru;101 бассейн;Бассейн, плавание, вода, нырять, прыжки с вышки в воду, купаться, плавки, ласты, очки, маски, купальник , рейтинг.;101 бассейн, бассейны  101 бассейн в рейтинге.;Without error
101beautysalon.ru;Unknown value;Unknown value;Unknown value;101beautysalon.ru
101chastnyjsektor.ru;Частный сектор 2015 отдых и цены на жилье с фото.;Частный сектор, 2015, отдых, цены, жилье, фото, недорого, на лето, дешево, на берегу, у моря, в области, сдать, аренда, снять, на долгий срок, посуточно, на выходные, на месяц, хозяев, без посредников, собственник, квартира, комната, дом  , рейтинг.;Частный сектор 2015 отдых и цены на жилье с фото., частный сектор 2015 отдых и цены на жилье (квартиры, комнаты, дома) с фото, снять недорого на лето, аренда дешево на берегу у моря от хозяев и без посредников, собственник может сдать на долгий срок и посуточно. Выбирайте любой из 101 частный сектор в рейтинге.;Without error
101clubs.ru;101 клуб;Концерт, выступление, диджей, танцы, алкоголь, котелки, рейтинг.;101 клуб , клубы всего мира, зажигательные, большие и маленькие, зажигательные, пафосные, простые, танцевальные, близкие вам и интересные. Выбирайте любой из 101 клуб в рейтинге.;Without error
101cooler.ru;Продажа кулеров для воды в Нижнем Новгороде | Компания 101 кулер;Missing value;Missing value;Without error
101.credit;«101.Кредит»;Missing value;Постараемся ответить на банальный для россиян вопрос «где взять денег» небанальными способами! Какой из нижеописанных вариантов понравится вам больше всего?;Without error
101currency.com;101currency.com › Currency and Exchange Rates, Currency;exchange rates, 101currency, cross rates, currency converter, currency, rates, currency exchange, currency, central bank, 101currency.com;All the world central bank currencies, current exchange rates, cross rates, currency converter and exchange graphs;Without error
101dogovor.ru;Договор купли-продажи автомобиля между физическими лицами в 2020 году;Missing value;Наш сайт содержит бланки и шаблоны договоров купли-продажи (дкп) автомобиля, актуальные на 2020 год, ознакомиться и скачать в разных форматах договора можете на нашем сайте 101dogovor.ru;Without error
101festival.ru;Фестивали . Куда сходить ? 1 фестиваль в;, Фестиваль, праздник, музыка, свет, фейерверки, развлечения, отдых, отдыхать, веселиться, с детьми, сходить;Куда сходить  Фестиваль (Фестивали) 1 : Круг света в Москве 2015 "" 26 сентября - 4 октября (Московский Международный), ;Without error
101fishka.com;Unknown value;Unknown value;Unknown value;101fishka.com
101greatgoals.com;Football Live Streaming, Betting Tips, News & Videos | 101 Great Goals;Missing value;Discover how to watch football live streaming. Check out football betting tips. Catch up on the latest football news. Enjoy football free bets. Watch football videos.;Without error
101hacks.com;Unknown value;Missing value;Missing value;Without error
101hotels.ru;101Hotels.ru | Бронирование гостиниц бесплатно, поиск отелей онлайн;Missing value;Онлайн бронирование гостиниц. Подробный справочник отелей в различных городах России и других стран мира: описания, фотографии номеров, стоимость проживания. Система поиска номеров. Спецпредложения. Отзывы туристов.;Without error
101indexpochta.ru;Почтовое отделение и его индекс.;Письмо, почта, написать письмо, проверить почту, отслеживание почтовых отправлений, посылки, рейтинг.;Почтовое отделение и его индекс., Почтовые отделения, индексы всего мира, близкие вам. Выбирайте любое из 101 Почтовое отделение, индекс в рейтинге.;Without error
101katok.ru;101 каток в 2015 - 2016 году;Каток, катание, лед, скользить, коньки, покататься, рейтинг.;101 каток в 2015 - 2016 году, катки всего мира, близкие вам и интересные. Выбирайте любой из 101 каток в рейтинге.;Without error
101kinoteatr.ru;101 кинотеатр;Кинотеатр, кино, фильм, смотреть, сходить, посмотреть, попкорн, афиша, расписание, рейтинг.;101 кинотеатр, кинотеатры всего мира, близкие вам и интересные. Полная афиша и расписание к ним. Выбирайте любой из 101 кинотеатр в рейтинге.;Without error
101kursovik.ru;Unknown value;Unknown value;Unknown value;101kursovik.ru
101m3.com;Unknown value;Unknown value;Unknown value;101m3.com
101magazini.ru;101 магазин;Магазин, купить, супермаркет, скидки , рейтинг.;101 магазин, магазины всего мира, близкие вам, дешевые, с большим выбором, качественные. Выбирайте любой из 101 магазин в рейтинге.;Without error
101mcdonalds.ru;101 макдональдс в 2015 году;Макдональдс, mcdonalds, фаст фуд, фастфуд, сеть ресторанов быстрого питания, еда, поесть, попить, перекусить, позавтракать, завтрак, пообедать, обед, поужинать, ужин, рейтинг.;101 макдональдс в 2015 году, макдональдсы  101 макдональдс в рейтинге.;Without error
101msp.ru;101 мотострелковый полк - 101 Мотострелковый полк;Missing value;Missing value;Without error
101muzei.ru;101 музей;Музей, выставка, экспозиция, арт, картины, , рейтинг.;101 музей, музеи всего мира, ближайшие выставки, интересные экспозиции. Выбирайте любой из 101 музей в рейтинге.;Without error
101notarius.ru;101 нотариус;Нотариус, доверенность, заявление, нотариальная контора, заверить, печать, доверенность, рейтинг.;101 нотариус, нотариусы всего мира, близкие вам и работающие. Выбирайте любой из 101 нотариус в рейтинге.;Without error
101otziv.ru;Истёк срок регистрации домена 101otziv.ru;Missing value;Missing value;Without error
101partnerka.ru;Unknown value;Unknown value;Unknown value;HTTP error fetching URL
101pitomnikikoshek.ru;101 питомник кошек;выбор, купить, продать, отдать, в дар, питомец, кошка, котенок, месячный, рейтинг.;101 питомник кошек, питомники кошек всего мира, близкие, хорошие, с обширным выбором питомце (кошек, котят,...). Выбирайте любой из 101 питомник кошек в рейтинге.;Without error
101pitomnikisobaka.ru;101 питомник собак;выбор, купить, продать, отдать, в дар, подарить, питомец, собака, кабель, щенок, месячный, в добрые хорошие руки, рейтинг.;101 питомник собак, питомники собак всего мира, близкие, хорошие, с обширным выбором питомце (собак, кабелей, щенков,...). Выбирайте любой из 101 питомник собак в рейтинге.;Without error
101place.ru;Места по всему миру;, рейтинг.;Места по всему миру, места  24 места в рейтинге.;Without error
101pricheska.ru;Unknown value;Unknown value;Unknown value;101pricheska.ru
101restorans.ru;101 ресторан в 2015 году;Ресторан,  позавтракать, пообедать, поужинать, поесть, попить, посидеть, пообщаться, стол, бокал, блюдо, лаунж, рейтинг.;101 ресторан в 2015 году, рестораны всего мира, близкие вам и интересные. Выбирайте любой из 101 ресторан в рейтинге.;Without error
101roddom.ru;101 роддом;Роддом, рожать, новорожденные, дети, роды, кесарево, воды , рейтинг.;101 роддом, роддома всего мира, близкие, хорошие, чистые, с хорошими рекомендациями. Выбирайте любой из 101 роддом в рейтинге.;Without error
101.ru;Онлайн радио бесплатно;радио, онлайн, интернет, музыка, видео, клипы, новости, радиостанция, слушать;Вы можете слушать любимую радиостанцию в онлайн режиме из дома, с работы, в дороге всего лишь запустив наш радио-плеер в любом браузере. Присоединяйтесь к сообществу любителей хорошей музыки на 101.ru!;Without error
101sadik.ru;101 детский сад в 2015;детский сад, ходить в садик, ясли, дети, дошкольники, частный детский садик, детские клубы, в 2015, рейтинг.;101 детский сад в 2015, детские сады всего мира, близкие, частные садики, детские клубы, и хорошие в 2015. Выбирайте любой из 101 детский сад на 2015 в рейтинге.;Without error
101serviscentr.ru;101 Сервисный центр (ремонт);сервисный центр, ремонт, гарантийный, обслуживание, качественно, быстро, рейтинг.;101 Сервисный центр (ремонт), сервисные центры (ремонт) для всего на свете, гарантийный ремонт, обслуживание, качественно. Выбирайте любой из 101 сервисный центр (ремонт) в рейтинге.;Without error
101-shop.ru;Магазин 101-shop.ru: cолнцезащитные очки Polaroid, профессиональные спортивные очки Swiss Eye, очки для коррекции зрения.;Missing value;Интернет-магазин солнцезащитных очков и оправ для коррекции зрения. Примерка в магазине в Москве, доставка по России и миру;Without error
101teatr.ru;101 театр;Театр, спектакль, пьеса,  смотреть, сходить, посмотреть, театральная афиша, рейтинг.;101 театр, театры всего мира, близкие вам и интересные. Выбирайте любой из 101 театр в рейтинге.;Without error
101tips.nl;101 tips over Diverse. Geef ook zelf Diverse tips.;Diverse,Diverse tips, tips over Diverse, 101 tips, 101tips, 1001 tips, 1001tips, tips, kaarttips, wenskaartentips, kaartentips, tips kaarten maken, tips voor kaarten maken, gratis, gratis tip, gratis tips, categorieen, onderwerpen, tuin, tuintips, gezondheid, gezondheidstips, schoonmaken, schoonmaaktips, huishoudtips, geldtips, ideeen, idee, meer tips, eigen tips, eigentips, leuke tips, vakantietips, vakantietip, schoonmaaktip, schoonmaken;101 tips over Diverse. Geef ook zelf Diverse tips.;Without error
101-training.com;Unknown value;Unknown value;Unknown value;101-training.com
101veck.ru;Unknown value;Unknown value;Unknown value;101veck.ru
101velomagazin.ru;101 магазин велосипедов (веломагазин);Веломагазин, магазин велосипедов, рейтинг.;101 магазин велосипедов (веломагазин), магазины велосипедов Веломагазин, магазин велосипедов всего мира, близкие вам, качественные, дешевые, хорошие. Выбирайте любую из 101 магазин велосипедов в рейтинге.;Without error
101veloprokat.ru;101 прокат велосипедов (велопрокат, аренда);Велопрокат, прокат велосипедов, ареда, рейтинг.;101 прокат велосипедов (велопрокат, аренда), прокаты велосипедов Велопрокат, прокат велосипедов, вело прокат, аренда во всем мире, близкие вам, качественные, дешевые, хорошие. Выбирайте любую из 101 прокат велосипедов в рейтинге.;Without error
101veloremont.ru;101 ремонт велосипедов (веломастерская);Вело, ремонт, велоремонт, веломастер, мастер,  веломастерские, мастерские, мастер велосипедов, велосипеда, настройка, прокачка тормозов, исправление восьмерок, замена резины, настройка переключателя скоростей , рейтинг.;101 ремонт велосипедов (веломастерская), ремонты велосипедов всего мира, близкие вам, качественные, дешевые, хорошие. Выбирайте любую из 101 ремонт велосипедов в рейтинге.;Without error
101wififree.ru;Unknown value;Unknown value;Unknown value;101wififree.ru
101xp.com;101XP | Лучшие бесплатные браузерные клиентские мобильные онлайн-игры;Missing value;Missing value;Without error
102.18;Unknown value;Unknown value;Unknown value;connect timed out
10.253;Unknown value;Unknown value;Unknown value;connect timed out
102.56;Unknown value;Unknown value;Unknown value;connect timed out
102.8;Unknown value;Unknown value;Unknown value;connect timed out
10.2:8082;Unknown value;Unknown value;Unknown value;connect timed out
10.2:81;Unknown value;Unknown value;Unknown value;connect timed out
102x.net;Unknown value;Unknown value;Unknown value;102x.net
103.110;Unknown value;Unknown value;Unknown value;connect timed out
103.14:8080;Unknown value;Unknown value;Unknown value;connect timed out
10.31:8888;Unknown value;Unknown value;Unknown value;connect timed out
103.198:32780;Unknown value;Unknown value;Unknown value;connect timed out
103.34;Unknown value;Unknown value;Unknown value;connect timed out
103.by;Портал о здоровье и красоте 103.by - поиск лекарств и товаров, медицинские центры и услуги, медтуризм, салоны красоты, фитнес и спорт;;Медицинский портал 103.by - каталог стоматологий, медицинских центров, поликлиник и больниц с телефонами, адресами, графиком работы.;Without error
103mb.ru;Unknown value;Unknown value;Unknown value;103mb.ru
103m.ru;Unknown value;Unknown value;Unknown value;103m.ru
104.1111;Unknown value;Unknown value;Unknown value;connect timed out
10.42;Unknown value;Unknown value;Unknown value;connect timed out
104.4;Unknown value;Unknown value;Unknown value;connect timed out
104.85;Unknown value;Unknown value;Unknown value;connect timed out
104.ua;Сайт для споживачів природного газу / 104.ua;, 104.ua; 104.ua. ;Without error
10.5;Unknown value;Unknown value;Unknown value;connect timed out
105.165;Unknown value;Unknown value;Unknown value;connect timed out
1053.ru;Интернет магазин - Радио Оренбург;интернет, магазин, интернет магазин, Гражданские радиостанции, рации, Портативные радиостанции, Профессиональные радиостанции, рации;Интернет магазин - Радио Оренбург. Идеальной радиостанции, которая подходила бы для всех случаев жизни, к сожалению, не существует. В тоже время радиостанция является достаточно универсальным устройством.;Without error
10.56:3000;Unknown value;Unknown value;Unknown value;connect timed out
10.57:8080;Unknown value;Unknown value;Unknown value;connect timed out
105f.com;105F Yoga, Pilates & Mindfulness;Missing value;105f site description;Without error
105mb.ru;Huntingfor.me - магазин товаров для охоты, рыбалки и активного отдыха: одежда, обувь, снаряжение;Товары для охоты и рыбалки, купить, продажа, цена, заказать, доставка, интернет, магазин, фото, отзывы, каталог, стоимость, недорого;Купить товары для рыбалки, охоты и активного отдыха оптом и в розницу с доставкой. Низкие цены, акции и скидки на товары для рыбалки и охоты в интернет-магазине Huntingfor.me.;Without error
106.160;Unknown value;Unknown value;Unknown value;connect timed out
106.202;Unknown value;Unknown value;Unknown value;connect timed out
106.229;Unknown value;Unknown value;Unknown value;connect timed out
1069.com;Unknown value;Unknown value;Unknown value;HTTP error fetching URL
10.7;Unknown value;Unknown value;Unknown value;connect timed out
1070thefan.com;Unknown value;Unknown value;Unknown value;Read timed out
107.148:8237;Unknown value;Unknown value;Unknown value;connect timed out
107.44;Unknown value;Unknown value;Unknown value;connect timed out
107klub.com;Категории и разделы - Форум автоклуба Peugeot 107 + Toyota Aygo + Citroen C1;Missing value;Missing value;Without error
107net.ru;Новости мира | Новости обо всём на свете.;Новости,Без рубрики;Missing value;Without error
1080p.ro;Totul despre Televizoare si Universul HD;Missing value;Blog de tehnologie cu focus principal pe Televizoare HD si Sisteme multimedia pentru acasa. Oferte si recomandari de la marile magazine online si reviewuri.;Without error
108.196;Unknown value;Unknown value;Unknown value;connect timed out
108.4;Unknown value;Unknown value;Unknown value;connect timed out
108cun.com;村易通 - 全国首家村级社区事务门户网站 - 村级网站集群、行政村建站;Missing value;全国最大村网集群，全国行政村村级网站免费建站，一切为了农民增收。;Without error
109.126;Unknown value;Unknown value;Unknown value;connect timed out
109.164;Unknown value;Unknown value;Unknown value;connect timed out
109.2:8103;Unknown value;Unknown value;Unknown value;Connection refused: connect
109.44;Unknown value;Unknown value;Unknown value;connect timed out
109.46;Unknown value;Unknown value;Unknown value;connect timed out
10.94:8080;Unknown value;Unknown value;Unknown value;connect timed out
109.hu;Díjmentes weboldal készítés, google optimalizálás;weboldalkészítés, apróhirdetés, cégkereső, osztálytárskereső, szálláskereső;A portálunkon közel 3 millió oldalnyi információt találsz. Ha szeretnéd megnézni, hogy a településeden, vagy vonzáskörzetében hol kaphatod meg azt amire szükséged van, vagy szeretnéd tudni, hogy mit és hol tudsz olcsóbban megvásárolni, akkor kattints a 109.hu-ra!;Without error
109mens.jp;Unknown value;Unknown value;Unknown value;connect timed out
10bb.ru;10bb.ru - Создай свой форум!;Missing value;Missing value;Without error
10bet.com;Unknown value;Unknown value;Unknown value;HTTP error fetching URL
10daydiets.com;Unknown value;Missing value;Missing value;Without error
10freehosting.com;Unknown value;Missing value;Missing value;Without error
10game.ru;Все категории игр - Скачать игры;игры торрент, скачать игры торрент, бесплатные торрент игры, скачать игры денди, бесплатные игры денди, игры сега скачать, игры сега, игры на компьютер скачать, игры на компьютер, игры сони скачать, игры на сони плейстейшен;На нашем сайте вы можете скачать игры через торрент на компьютер, скачать бесплатно игры денди, сега и сони плей стейшн.;Without error
10i.ru;Unknown value;Unknown value;Unknown value;HTTP error fetching URL
10k.bz;Unknown value;Unknown value;Unknown value;10k.bz
10ki.biz;Создать сайт интернет магазин бесплатно. Конструктор сайтов;создать интернет магазин, создать сайт бесплатно своими руками, построить сайт дешево, создать интернет магазин, интернет сайт бесплатно, бесплатно домен, бесплатный конструктор сайтов, система создания бесплатных сайтов, biz, ru;Создать сайт интернет магазин бесплатно. Конструктор сайтов. Самый простой способ создать продающий интернет-магазин Эффектная подача товаров, удобная система управления, мобильная оптимизация.;Without error
10ki.by;Создать сайт бесплатно в Беларуси, БЕСПЛАТНЫЙ КОНСТРУКТОР САЙТОВ, бесплатное создание сайтов, интернет магазин своими руками бесплатно в Беларуси;создать сайт бесплатно своими руками, построить сайт дешево, создать интернет магазин, интернет сайт бесплатно, бесплатно домен, бесплатный конструктор сайтов, система создания бесплатных сайтов, biz, ru;Бесплатный конструктор сайтов позволит самому создать бесплатно сайт или интернет магазин с неограниченным каталогом. Постройте собственный сайт за 5 минут не просто дешево, а даже бесплатно.;Without error
10ki.ru;Создать сайт бесплатно в России, БЕСПЛАТНЫЙ КОНСТРУКТОР САЙТОВ, бесплатное создание сайтов, интернет магазин своими руками бесплатно в России;Missing value;Создать сайт бесплатно в России. Самый простой способ создать продающий интернет-магазин. Эффектная подача товаров, удобная система управления, мобильная оптимизация.;Without error
10kyu.ru;10 кю — Блог о том, где и как поиграть в игру Го;Missing value;.	.	...На фото: Кадр из фильма «Камень».Корейцы — люди азартные. Но казино в стране запрещены, точнее загнаны в специальные игорные зоны, в которые так просто не попасть. В карты в стране не играют. Шахматы — не пользуются популярностью. На всю...;Without error
10net.ru;10net.ru - сервис поиска интернет провайдеров. Подбор тарифа и бесплатное подключение;сервис подбор интернет провайдер Москва Санкт-Петербург Калининград Вологда Череповец;Подберем интернет провайдера в вашем городе. На данный момент сервис активно работает в Санкт-Петербурге. Выбирайте свой город и смотрите самые выгодные предложения интернет провайдеров;Without error
10news.com;San Diego, California News and Weather | KGTV | kgtv.com;abc 10,san diego jobs,chula vista,san diego news,san diego travel,san diego tv station,san diego breaking news,kimberly hunt,san diego brewery,san diego politics;ABC 10News brings you breaking San Diego news.  Get local news headlines, weather, traffic, sports, and entertainment & lifestyle on KGTV-TV and 10News.com ;Without error
10n.ro;BORGChat Homesite - News;BORGChat , v0.2.4 build 125 ,download ,screenshot ,info, v0.3.0 build 130;The most complete LAN Chat program;Without error
10percent.ru;Unknown value;Unknown value;Unknown value;10percent.ru
10pixeles.com;Unknown value;Missing value;Missing value;Without error
10ptz.ru;[W]Net;Missing value;Missing value;Without error
10rg.ru;Про суставы - Все о лечении суставов;Missing value;Все о лечении суставов;Without error
10russia.ru;Россия 10;Россия, 10, географическое общество, достопримечательности, выбор, голосование, округ, область, регион, город, конкурс;Россия 10 — всероссийский проект. Каждый может отдать свой голос за любимый географический или архитектурный объект в России.;Without error
10terbaik.com;10 Terbaik @10Terbaik.com;10 Terbaik, 10 Terbaik di Dunia, Terbaik, 10Terbaik.com, Daftar 10;Jelajahi 10 Terbaik di Dunia. Periksa 10 daftar dari musik, misteri, sejarah, pengetahuan dan masih banyak lagi.;Without error
10times.com;Events, Global Trade Shows, All Conferences, Upcoming Fairs & Seminars, Popular Workshops & MeetX, Summits, Business Event Venues;Missing value;World's largest business event platform, find all upcoming events, business conferences, trade shows, global seminars, networking meets and workshops. Browse and connect with visitors attending, participating exhibitors and view profiles of speakers and organizers. Manage, sell event tickets and promote your event on 10times.com;Without error
10tr.net;10TR WordPress Hosting – A Service by 10tl.net, ehcp.net;Missing value;Missing value;Without error
10unitrending.xyz;Unknown value;Unknown value;Unknown value;10unitrending.xyz
1.1;Unknown value;Unknown value;Unknown value;HTTP error fetching URL
1.10;Unknown value;Unknown value;Unknown value;HTTP error fetching URL
1.100;Unknown value;Unknown value;Unknown value;HTTP error fetching URL
1.100:3000;Unknown value;Unknown value;Unknown value;connect timed out
1100ad.com;1100AD: Domination – awesome strategy with authentic storyline and addictive PvP battles;Missing value;Missing value;Without error
1.101;Unknown value;Unknown value;Unknown value;HTTP error fetching URL
110.17;Unknown value;Unknown value;Unknown value;connect timed out
110.198:81;Unknown value;Unknown value;Unknown value;connect timed out
110.222;Unknown value;Unknown value;Unknown value;connect timed out
1.103:1234;Unknown value;Unknown value;Unknown value;connect timed out
110.5;Unknown value;Unknown value;Unknown value;connect timed out
1.10:8081;Unknown value;Unknown value;Unknown value;connect timed out
110apps.com;Unknown value;Missing value;Missing value;Without error
110.com;法律咨询|律师在线 - 110网在线律师免费解答在线法律咨询;法律,律师,法律咨询,律师在线,在线律师咨询;110法律咨询网提供免费法律咨询、律师在线咨询、法律法规查询、点对点法律咨询解答、在线案件委托。劳动合同律师、婚姻法律师、刑事辩护律师等为您提供在线律师咨询服务;Without error
110km.ru;Автомобильный интернет-журнал 110km.ru: портал об автомобилях;Missing value;110km.ru - актуальные новости автомира, презентации последних моделей, уникальные тест-драйвы, новости от автодилеров, автомобильный каталог.;Without error
110mb.com;Unknown value;Missing value;Missing value;Without error
11.10:8080;Unknown value;Unknown value;Unknown value;connect timed out
111.245;Unknown value;Unknown value;Unknown value;connect timed out
1.112:8088;Unknown value;Unknown value;Unknown value;connect timed out
111.33;Unknown value;Unknown value;Unknown value;connect timed out
11.143;Unknown value;Unknown value;Unknown value;connect timed out
11.14:8080;Unknown value;Unknown value;Unknown value;connect timed out
11.14:8380;Unknown value;Unknown value;Unknown value;connect timed out
11.16;Unknown value;Unknown value;Unknown value;connect timed out
11.162:8082;Unknown value;Unknown value;Unknown value;connect timed out
111.80;Unknown value;Unknown value;Unknown value;connect timed out
11185.cn;Unknown value;Missing value;Missing value;Without error
111.99:8085;Unknown value;Unknown value;Unknown value;connect timed out
111bashni.ru;Unknown value;Missing value;Missing value;Without error
111kk.ru;Unknown value;Unknown value;Unknown value;111kk.ru
1.12;Unknown value;Unknown value;Unknown value;HTTP error fetching URL
11.2;Unknown value;Unknown value;Unknown value;connect timed out
11.206;Unknown value;Unknown value;Unknown value;connect timed out
112.12:81;Unknown value;Unknown value;Unknown value;connect timed out
112.135;Unknown value;Unknown value;Unknown value;connect timed out
112.138;Unknown value;Unknown value;Unknown value;connect timed out
112.17;Unknown value;Unknown value;Unknown value;connect timed out
112.170;Unknown value;Unknown value;Unknown value;connect timed out
112.193;Unknown value;Unknown value;Unknown value;connect timed out
112.218;Unknown value;Unknown value;Unknown value;connect timed out
112.243:8000;Unknown value;Unknown value;Unknown value;connect timed out
11.22:8080;Unknown value;Unknown value;Unknown value;connect timed out
1.12:3000;Unknown value;Unknown value;Unknown value;connect timed out
1124.ru;Unknown value;Unknown value;Unknown value;Connection refused: connect
1125.ru;Unknown value;Missing value;Missing value;Without error
1.12:8081;Unknown value;Unknown value;Unknown value;connect timed out
112.ua;Новости Украины и мира - 112.ua;Missing value;Оперативные и главные новости Украины, аналитика, политика, экономика, спорт, криминал ;Without error
1.130;Unknown value;Unknown value;Unknown value;HTTP error fetching URL
1.131;Unknown value;Unknown value;Unknown value;HTTP error fetching URL
113.223;Unknown value;Unknown value;Unknown value;connect timed out
113.57;Unknown value;Unknown value;Unknown value;connect timed out
1.137;Unknown value;Unknown value;Unknown value;HTTP error fetching URL
1.137:8080;Unknown value;Unknown value;Unknown value;connect timed out
1.138;Unknown value;Unknown value;Unknown value;HTTP error fetching URL
114.124;Unknown value;Unknown value;Unknown value;connect timed out
114.144;Unknown value;Unknown value;Unknown value;connect timed out
114.162;Unknown value;Unknown value;Unknown value;connect timed out
114.190;Unknown value;Unknown value;Unknown value;connect timed out
114.210;Unknown value;Unknown value;Unknown value;connect timed out
114.212;Unknown value;Unknown value;Unknown value;connect timed out
114.226;Unknown value;Unknown value;Unknown value;connect timed out
114.243;Unknown value;Unknown value;Unknown value;connect timed out
11.43;Unknown value;Unknown value;Unknown value;connect timed out
114.57:8888;Unknown value;Unknown value;Unknown value;connect timed out
11467.com;【顺企网】企业黄页和供求信息发布平台;顺企网,免费发布信息,电子商务网站,B2B,免费电子商务,B2B网站,企业黄页;顺企网(www.11467.com)是免费的电子商务平台和在线114黄页网站，是为企业提B2B免费供求信息发布、采购商机、免费建站、114黄页查询服务的B2B平台。顺企网，助企业在商海一路顺风;Without error
114.90;Unknown value;Unknown value;Unknown value;connect timed out
114huoche.com;Unknown value;Unknown value;Unknown value;Read timed out
115.15;Unknown value;Unknown value;Unknown value;connect timed out
115.21;Unknown value;Unknown value;Unknown value;Connection refused: connect
115.30;Unknown value;Unknown value;Unknown value;connect timed out
115.40;Unknown value;Unknown value;Unknown value;Connection refused: connect
115.40:8000;Unknown value;Unknown value;Unknown value;Connection refused: connect
11542.ru;Unknown value;Unknown value;Unknown value;11542.ru
115.at;115.at - Herzlich Willkommen;Missing value;115.at - Hosting ftp;Without error
1.161:8080;Unknown value;Unknown value;Unknown value;connect timed out
1.161:8888;Unknown value;Unknown value;Unknown value;connect timed out
116.32:3000;Unknown value;Unknown value;Unknown value;connect timed out
116.62;Unknown value;Unknown value;Unknown value;Connection refused: connect
116.78;Unknown value;Unknown value;Unknown value;connect timed out
1.169:280;Unknown value;Unknown value;Unknown value;connect timed out
116.ru;Новости Казани - главные новости сегодня | 116.ru - новости Казани;Новости Казани, последние новости, новости сегодня, свежие новости, новости года, новости недели, криминальные новости;Последние свежие новости Казани и  за сегодня - онлайн на сайте 116.ru;Without error
117.107;Unknown value;Unknown value;Unknown value;connect timed out
117.190;Unknown value;Unknown value;Unknown value;connect timed out
117.191;Unknown value;Unknown value;Unknown value;connect timed out
1.172;Unknown value;Unknown value;Unknown value;HTTP error fetching URL
117.250;Unknown value;Unknown value;Unknown value;connect timed out
118000.fr;Annuaire telephonique entreprise et professionnel 118000.fr;Missing value;Annuaire professionnel et entreprise, retrouvez tous les professionnels de votre region grace a l'annuaire entreprise du 118000. Les renseignements en toute simplicite.;Without error
1.1:8080;Unknown value;Unknown value;Unknown value;connect timed out
1.1:8090;Unknown value;Unknown value;Unknown value;connect timed out
118100.se;118100.se – Nummerupplysning med info om personer, företag, telefonnummer och adresser!;nummerupplysning, företag, privatpersoner, personer, branscher, produkter, tjänster, omdömen, myndigheter, onlinekatalog, telefonkatalog, mobilnummer, telefonnummer, nummer,  kommuner, landsting, organisationer, kontakt, kontaktuppgifter, öppettider, öppet, adressuppgifter, leta, hitta, sök, söka, adresser, företagskatalog, hotell;118100 är en nummerupplysning med info om allt. Sök personer, företag, telefonnummer, adresser eller branscher!;Without error
118.144;Unknown value;Unknown value;Unknown value;connect timed out
118.200;Unknown value;Unknown value;Unknown value;connect timed out
118.203;Unknown value;Unknown value;Unknown value;Connection refused: connect
118.232;Unknown value;Unknown value;Unknown value;Connection refused: connect
118.248;Unknown value;Unknown value;Unknown value;connect timed out
118.254:8080;Unknown value;Unknown value;Unknown value;connect timed out
118.4;Unknown value;Unknown value;Unknown value;connect timed out
118.98:8088;Unknown value;Unknown value;Unknown value;connect timed out
119.17:8088;Unknown value;Unknown value;Unknown value;connect timed out
119.184;Unknown value;Unknown value;Unknown value;connect timed out
119.206;Unknown value;Unknown value;Unknown value;connect timed out
1.193:8080;Unknown value;Unknown value;Unknown value;connect timed out
119.53;Unknown value;Unknown value;Unknown value;connect timed out
119.54:8080;Unknown value;Unknown value;Unknown value;connect timed out
119.90:8080;Unknown value;Unknown value;Unknown value;connect timed out
11alive.com;Unknown value;Unknown value;Unknown value;HTTP error fetching URL
11klassniki.ru;Сайт для выпускников и поступающих. Куда пойти учиться: ЕГЭ. Все вузы и ссузы России / www.11klassniki.ru;для выпускников и поступающих, куда пойти учиться;Сайт для выпускников и поступающих. Куда пойти учиться. Интервью с 11-классниками. Все вузы и ссузы России: университеты, институты, академии, колледжи, техникумы: адреса и телефоны вузов, приемная комиссия, вузы, высшее образование, московские вузы, колледжи, техникумы;Without error
11r.biz;Unknown value;Unknown value;Unknown value;11r.biz
1--1.ru;Истёк срок регистрации домена 1--1.ru;Missing value;Missing value;Without error
11secondclub.com;11 Second Club - The Monthly Character Animation Competition;Missing value;Missing value;Without error
1-1.su;Unknown value;Unknown value;Unknown value;1-1.su
11x11.ru;11x11: лучшая футбольная онлайн игра. Интернет игра в жанре футбольного менеджера. Online игры от компании Nekki.;онлайн игры, флеш игры, бесплатные игры, игры бесплатно, flash игры, флеш игры бесплатно, flash игры футбол, виртуальный футбольный менеджер;Бесплатная онлайн игра в жанре футбольного менеджера - лучшая браузерная интернет игра! Более миллиона зарегистрированных пользователей по всему интернету!;Without error
1.2;Unknown value;Unknown value;Unknown value;HTTP error fetching URL
1.200;Unknown value;Unknown value;Unknown value;HTTP error fetching URL
1.200:2111;Unknown value;Unknown value;Unknown value;connect timed out
120.149;Unknown value;Unknown value;Unknown value;connect timed out
120.197;Unknown value;Unknown value;Unknown value;connect timed out
120.212:81;Unknown value;Unknown value;Unknown value;connect timed out
120-bal.ru;Портал знаний;Missing value;Missing value;Without error
120.ru;Автозагрузка Объявлений на Авито, Авто.ру и другие сайты;Missing value;Missing value;Without error
1.21;Unknown value;Unknown value;Unknown value;HTTP error fetching URL
121.152;Unknown value;Unknown value;Unknown value;connect timed out
121.214;Unknown value;Unknown value;Unknown value;connect timed out
121.234:18910;Unknown value;Unknown value;Unknown value;connect timed out
121.255;Unknown value;Unknown value;Unknown value;connect timed out
1.212:81;Unknown value;Unknown value;Unknown value;connect timed out
12.145;Unknown value;Unknown value;Unknown value;connect timed out
12.15;Unknown value;Unknown value;Unknown value;connect timed out
121.6;Unknown value;Unknown value;Unknown value;connect timed out
12.169;Unknown value;Unknown value;Unknown value;connect timed out
1.22;Unknown value;Unknown value;Unknown value;HTTP error fetching URL
1.220;Unknown value;Unknown value;Unknown value;HTTP error fetching URL
12.20;Unknown value;Unknown value;Unknown value;connect timed out
122.153;Unknown value;Unknown value;Unknown value;connect timed out
122.176;Unknown value;Unknown value;Unknown value;connect timed out
12.226;Unknown value;Unknown value;Unknown value;connect timed out
1.223;Unknown value;Unknown value;Unknown value;HTTP error fetching URL
122.41;Unknown value;Unknown value;Unknown value;connect timed out
1.226;Unknown value;Unknown value;Unknown value;HTTP error fetching URL
1.227;Unknown value;Unknown value;Unknown value;HTTP error fetching URL
1.22:8000;Unknown value;Unknown value;Unknown value;connect timed out
123123.net;www.123123.net;123123,延边招聘,延边人才,延边房产,延边二手,延边二手车,延边黄页;123分类信息网，免费、高效的生活服务平台！ 找租房，找二手房，找工作，找兼职，买卖二手，二手车交易，买卖宠物，本地上门服务等海量的生活分类信息，是您最好的免费发布信息网站。;Without error
1.233;Unknown value;Unknown value;Unknown value;HTTP error fetching URL
1233.tw;申請貸款 | 貸款15萬,月付2628 | 侯昌明推薦;Missing value;貸款,申請貸款,個人貸款,銀行貸款.侯昌明推薦,貸15萬,前3期月付2,628.提供您完整的銀行貸款解決方案，服務包含小額貸款、個人信貸、優質信用貸款。;Without error
12.36;Unknown value;Unknown value;Unknown value;connect timed out
123abc.cz;Čtenářský deník, download, Harry Potter, mobily a sms, počítačové hry, referáty, sloh, wallpapers, zábava | 123ABC.cz;123ABC web,cestování,cestovní kanceláře,last-minute,čtenářský deník,download,Harry Potter,počítačové hry,referáty,sloh,wallpapers,zábava;Server www.123ABC.cz - cestování, cestovní kanceláře, last-minute, čtenářský deník, download, Harry Potter, počítačové hry, referáty, sloh, wallpapers, zábava.;Without error
123b.ru;123B.ru - Купить автозапчасти с доставкой в Чебоксары, Новочебоксарск, Цивильск, Канаш, Батырево, Ибреси, Вурнары, Аликово, Йошкар-Ола;Купить автозапчасти с доставкой в Чебоксары, Новочебоксарск, Цивильск, Канаш, Батырево, Ибреси, Вурнары, Аликово, Йошкар-Ола;123B.ru - Купить автозапчасти с доставкой в Чебоксары, Новочебоксарск, Цивильск, Канаш, Батырево, Ибреси, Вурнары, Аликово, Йошкар-Ола;Without error
123cha.com;IP查询 | 查IP地址 | ip数据库 | 手机号码归属地 | 邮政编码 | worldclock 世界时间 calendar 万年历 Google PageRank Alexa rank domain whois;ip,查ip,ip查询,my ip,IP地址查询,ip数据库,手机号码归属地,邮政编码,长途电话区号,身份证号码验证,worldclock,世界时间,calendar,万年历,我的ip,ip location,Google PageRank,Alexa rank,ip to country, domain whois, ip whois;IP地址查询,ip数据库,手机号码归属地,邮政编码,长途电话区号,身份证号码验证,worldclock,世界时间,calendar,万年历,我的ip,ip location,Google PageRank,Alexa rank,ip to country;Without error
123city.net;Unknown value;Unknown value;Unknown value;connect timed out
123date.me;"123 Date Me" - сайт знакомств и общения;123 Date Me,сайт знакомств,русский сайт знакомств, знакомства,романтика,любовь,отношения;Добро пожаловать на 123 Date Me - сайт знакомств! Здесь вы сможете общаться и знакомиться с интересными людьми. Что бы вы не искали - общение, флирт, любовь - вы пришли на правильный сайт. Удачи!;Without error
123doc.org;123doc.org | Cộng đồng chia sẻ, upload, download sách, giáo án điện tử, bài giảng điện tử và e-book,;tài liệu, chia sẻ tài liệu, download tài liệu, tài liệu tham khảo, tài liệu miễn phí, giáo án điện tử, bài giảng điện tử và e-book , sách,sách online, biểu mẫu, văn bản, đồ án, luận văn, giáo trình,;123doc.org Cộng đồng chia sẻ, upload, upload sách, upload tài liệu , download sách, giáo án điện tử, bài giảng điện tử và e-book , tài liệu trực tuyến hàng đầu Việt Nam,  tài liệu về tất cả các lĩnh vực kinh tế, kinh doanh, tài chính ngân hàng, công nghệ thông;Without error
123doc.vn;Unknown value;Unknown value;Unknown value;123doc.vn
123-free-download.com;123 Free Download;Missing value;Free download software MP3 &amp; Audio, Games, Home &amp; Desktop, Internet, Multimedia &amp; Design, Software Developer, Utilities, Web Developer;Without error
123freevectors.com;Download Free Vector Graphics, Background Vector Images | 123FreeVectors;Download Free Vector Graphics, Background Vector Images | 123FreeVectors, free vectors, vector art graphics ;Free Download Download Free Vector Graphics, Background Vector Images | 123FreeVectors  vectors. Largest Collection of Free Vector Art, Vector Images, Vector Graphic Resources, Clip Art, Illustrations, Wallpaper Background Designs for All Free Downloads.;Without error
123greetings.com;Free Greeting cards, Wishes, Ecards, Birthday Wishes, Funny Cards & Gifs | 123 Greetings;ecards, free ecards, greeting cards, greetings, online cards, free online ecard, e-cards, animated cards, greeting cards, free greeting cards, free egreetings, free greetings, online egreetings, online ecard, printable cards, free e-card, funny cards, egreetings, free printable greeting card, electronic greeting card, email greeting card, animated greeting card, birthday cards, invitation cards, season's greetings, love, friendship, weddings invitations, anniversary, free postcards, electronic cards, christmas, thanksgiving, new year, valentines day;Send free greeting cards, wishes, ecards, funny animated cards, birthday wishes, Gifs and online greeting cards with quotes, messages, images on all occasions and holidays such as Birthday, Anniversary, Love, Thanksgiving, Christmas, Season's Greetings and much more.;Without error
123holiday.net;123 Holiday - All Holiday Website - Valentine's Day Halloween Thanksgiving;holidays, 123holiday, celebrate, Valentines Day, Groundhog, Martin Luther King Jr, MartinLutherKing, Halloween, Thanksgiving, Christmas New Years Eve;All Holiday Website - Valentine's Day Halloween Thanksgiving;Without error
123imwww.com;Unknown value;Unknown value;Unknown value;connect timed out
123kizi.com;Unknown value;Unknown value;Unknown value;123kizi.com
123klik.com;HugeDomains.com - 123Klik.com is for sale (123 Klik);Missing value;Missing value;Without error
123locker.com;Unknown value;Missing value;Missing value;Without error
123love.fr;Rencontres, dial, chat, dialogue en direct, contacts | 123LOVE;rencontre, dial, chat, dialogue en direct, rencontres, rencontre france, rencontre et dialogue, annonces rencontres, petites annonces rencontres, contact, contacts, contact femme, chat gay, chat webcam, chat rencontre, chat francais, chat sexe, dialoguer, discuter, site rencontres, annuaire rencontres, rencontres particuliers, rencontres femmes, rencontres hetero, rencontres homo, rencontres gay, hetero, gay, homo, lesbien, amour, amitie, celibataire, love, flirt, partenaire, coeur, drague, ami, compagnon, club, libertin, échangiste, mariage, sexe, sexe gratuit, sex, sex gratuit;123LOVE, guide gratuit des meilleurs sites de rencontres, dial, chat et dialogue en direct notés par des professionnels du Net (petites annonces, chat, contacts, loisirs liés à la vie de couple).;Without error
123market.ru;Магазин цифровых товаров.;карта оплаты, карта экспресс оплаты, пин код карты, тайм карты, лут карты, loot, оплаченная карта, платежная карта, голосовые открытки, поздравления, мини игры, простые игры, казуальные игры, логические игры, смс поздравления, ключ активации, ;Пин-коды, карты оплаты, мини игры, голосовые открытки. ;Without error
123news.org;Unknown value;Unknown value;Unknown value;HTTP error fetching URL
123paixnidia.gr;ΔΩΡΕΆΝ ΠΑΙΧΝΊΔΙΑ ONLINE - Παίξε τα Καλύτερα Παιχνίδια σε Poki!;Missing value;Παίξε Δωρεάν Διαδικτυακά Παιχνίδια σε Poki! Διάλεξε το Αγαπημένο σου Παιχνίδι, και Καλή Διασκέδαση!;Without error
123pay.ru;Сервис для оплаты разных услуг.;центртелеком,тв,оплата,интернет,горсвязь,мегафон,акадо,башинформсвязь,филиал,ростелеком,платежи,телефония,билайн,коминтел,москва,цтс,webmoney,телеком,екатеринбург,платежный,брянский,rur,мобильной,edelstar,коммерческое,сервисов,коммунальных,электронные,банк,voip,деньги,байарт,кошелька,qiwi,картами,продавать,прочие,ивановский,билеты,волгателеком,кабельное,онлайн,самара,стрим,моментальных,ufanet,депутаты,домолинк,банкинга,клиентов,комстар,российский,счета,money,дальсвязь,платформа,rbk ;Сервис моментальных платежей. Оплата разных услуг: домашний и мобильный телефон, плата за интернет, коммунальные услуги и тд.;Without error
123peppy.com;Girl Games - 9000+ Free Games for Girls - 123 Peppy Games;Flash Games for Girls, Girls Games, Games for Girls, 123Peppy.com, 123 Peppy Games, Play Online;123Peppy.com is an free online flash games web site which is completely made for girls to play online internet.;Without error
123.pl;Unknown value;Missing value;Missing value;Without error
123rf.com;Фотобанк 123RF - Стоковые Фото, Векторы, Видеоролики. Подписка на Фото. Royalty Free контент;фотобанк, микросток, фото банк, стоковые фото, стоковая фотография, фото бесплатно, бесплатный фотобанк, л